#,question,answer,sources,confidence,from_cache,language,elapsed_seconds,status
1,climate change monetary policy,"Climate change affects monetary policy through the transmission mechanism, the appropriate policy stance, and the design of monetary-policy instruments. Climate-related developments can independently alter financial conditions—reinforcing or offsetting the monetary-policy stance—and can change how firms, households and financial intermediaries respond to that stance. These effects may become stronger as climate deterioration and the green transition advance, so they should be incorporated into the information used to assess monetary transmission. Asset prices are identified as one important channel. (Climate change and monetary policy.pdf, pp. 19–20)

Climate change also reduces trend output and increases the volatility of output and inflation, while physical climate events and transition measures can create cyclical shocks requiring a monetary-policy response. However, there is no “one size fits all” approach to determining the net effect on the policy stance. Climate risks and transition policies may also affect the neutral rate, but their overall impact remains unclear. The investment needs of the green transition materially affect investment dynamics; carbon-related taxes may create short-term costs, while the shift to renewables should ultimately reduce dependence on fossil-fuel imports and inflation volatility. The operational framework is also intended to incorporate climate considerations into structural monetary-policy operations. (Climate change and monetary policy.pdf, p. 29)",Climate change and monetary policy.pdf; Climate change and monetary policy.pdf; Climate change and monetary policy.pdf,5.481784343719482,False,en,10.0,ok
2,climate change monetary policy,"Climate change affects monetary policy through three main channels. First, it can weaken or otherwise alter monetary-policy transmission by independently changing financial conditions and by changing how firms, households and financial intermediaries respond to the policy stance. Asset prices are one important transmission channel. These effects may become more significant as climate deterioration and the green transition progress, so climate factors should be incorporated into the information used to assess transmission. (Climate change and monetary policy.pdf, pp.19–20)

Second, physical climate events and transition measures can create macroeconomic shocks, increasing output and inflation volatility, while climate risks and transition policies may also affect the neutral interest rate. Their combined effect on the appropriate monetary-policy stance is uncertain, meaning there is no single response applicable to every climate-related shock. The green transition also materially affects investment dynamics; although carbon-related taxes may impose short-term costs, greater use of renewables should ultimately reduce dependence on fossil-fuel imports and inflation volatility. (Climate change and monetary policy.pdf, p.29) Finally, climate-related considerations are intended to be incorporated into the design of structural monetary-policy operations. (Climate change and monetary policy.pdf, p.29)",Climate change and monetary policy.pdf; Climate change and monetary policy.pdf; Climate change and monetary policy.pdf,5.481784343719482,False,en,7.2,ok
3,ECB climate,"The ECB expects banks to prudently manage and transparently disclose climate-related and environmental risks under current prudential rules. Its final guide applied immediately from 27 November 2020. The ECB planned self-assessments and action plans in early 2021, followed by supervisory benchmarking and dialogue; a full supervisory review and follow-up measures were planned for 2022. It also announced a 2022 supervisory stress test focused on climate-related risks and identified weaknesses in banks’ climate-risk disclosures, particularly the lack of relevant quantitative and qualitative information. (ECB publishes final guide on climate-related and environmental risks for banks.pdf, p.1)

ECB-related climate-risk analytical tools include climate beta, CRISK, Carbon Value at Risk, climate spreads, and normalised or collateral-adjusted exposure-at-risk. These measures address, respectively, sensitivity of asset prices, climate-conditional capital shortfalls, securities’ exposure to future carbon-price changes, climate-related financing-cost differences, and expected losses from physical risks. (Assessment of Climate-related Vulnerabilities_ Analytical framework and toolkit.pdf, p.28) More recently, the ECB decided in July 2025 to introduce a climate factor to protect Eurosystem collateral against climate-related transition shocks, applicable from 15 June 2026 to marketable assets issued by non-financial corporations. It also postponed making compliance with the Corporate Sustainability Reporting Directive a collateral-eligibility criterion, citing incomplete national transposition and the Directive’s review. (Annual Report 2025.pdf, pp.108–109)",ECB publishes final guide on climate-related and environmental risks for banks.pdf; Assessment of Climate-related Vulnerabilities_ Analytical framework and toolkit.pdf; Annual Report 2025.pdf,4.667149543762207,False,en,9.3,ok
4,What are the ECB's supervisory priorities?,"For 2026–2028, the ECB’s supervisory priorities are to:

- **Strengthen banks’ resilience to geopolitical risks and macro-financial uncertainties**, including rising geopolitical tensions, trade fragmentation, climate- and nature-related risks, demographic change and rapid technological transformation. (Supervisory Priorities for 2026 - 2028 _ Management Solutions.pdf, p.1)
- **Strengthen operational resilience and ICT capabilities**, notably by addressing weaknesses in operational-resilience frameworks, IT outsourcing and IT-security/cyber risks. (Supervisory Priorities for 2026 - 2028 _ Management Solutions.pdf, p.1; ECB Banking Supervision_ SSM supervisory priorities for 2024-2026.pdf, p.3)
- **Advance digital transformation**, including the development of robust digital—and particularly AI-related—strategies supported by appropriate governance and risk-management frameworks. (Supervisory Priorities for 2026 - 2028 _ Management Solutions.pdf, p.1; Supervisory priorities 2026-28.pdf, pp.2–3)

These priorities are based on the latest SREP findings and are implemented through supervisory work programmes addressing the vulnerabilities identified. The ECB will also continue regular supervision, follow-up on past priorities and institution-specific risk work. (Supervisory Priorities for 2026 - 2028 _ Management Solutions.pdf, p.1; Supervisory priorities 2026-28.pdf, pp.2–3)",Supervisory Priorities for 2026 - 2028 _ Management Solutions.pdf; Supervisory priorities 2026-28.pdf; ECB Banking Supervision_ SSM supervisory priorities for 2024-2026.pdf,10.686593055725098,False,en,10.8,ok
5,ECB banking supervision,"ECB Banking Supervision’s 2024–2026 priorities include assessing outsourcing arrangements and concentration risks through data collection and horizontal analysis of banks’ outsourcing registers. It will also conduct targeted reviews of outsourcing and cyber-resilience arrangements, complemented by targeted on-site inspections (OSIs) to identify institution-specific deficiencies. In addition, a thematic cyber-resilience stress test was planned to assess banks’ ability to respond to and recover from a successful cyberattack. (ECB Banking Supervision_ SSM supervisory priorities for 2024-2026.pdf, pp. 16–17)

The ECB is also increasing its focus on boards’ collective IT expertise, institutions relying on end-of-life systems supporting critical banking activities, outsourcing—including cloud outsourcing—and the monitoring of those arrangements. It expects full compliance with the applicable outsourcing requirements within the relevant timelines and is placing greater emphasis on ensuring that critical IT functions are assessed by internal IT audit. (Annual report on the outcome of the SREP IT Risk Questionnaire – Feedback to the industry.pdf, p. 4) In 2025, the ECB further pursued digitalisation of supervisory processes and completed implementation of the updated EBA reporting framework reflecting requirements from CRR III and CRD VI. (ECB Annual Report on supervisory activities 2025.pdf, pp. 63–64)",ECB Banking Supervision_ SSM supervisory priorities for 2024-2026.pdf; Annual report on the outcome of the SREP IT Risk Questionnaire – Feedback to the industry.pdf; ECB Annual Report on supervisory activities 2025.pdf,10.686566352844238,False,en,7.9,ok
6,ECB guide to internal models,"The ECB Guide to Internal Models explains how the ECB understands and intends to apply the applicable EU and national rules when assessing whether institutions meet requirements for internal models. It is also intended for internal use by supervisory teams to promote a common and consistent supervisory approach, while allowing the ECB to consider each institution’s specific circumstances. (ECB guide to internal models.pdf, p.6)

The Guide is not intended to replace, override or extend applicable EU or national law, including adopted regulatory and implementing technical standards. It is also without prejudice to policy positions that the European Banking Authority may adopt under the CRR3. Some sections may require revision when further standards are finalised or adopted. (ECB guide to internal models.pdf, p.6) Its contents cover overarching principles, governance, documentation, data governance, validation, audit, climate-related and environmental risks, machine-learning techniques, model changes, third-party involvement and consolidations, as well as credit-risk topics such as the IRB approach and the definition of default. (ECB guide to internal models.pdf, p.3)

The excerpted publication is dated July 2025 and states that it has become outdated; it directs readers to the latest version on the ECB’s banking supervision website. (ECB guide to internal models.pdf, p.1)",ECB guide to internal models.pdf; ECB guide to internal models.pdf; ECB guide to internal models.pdf,10.907856941223145,False,en,7.8,ok
7,What are the FATF Recommendations?,"The FATF Recommendations are an international standard for combating money laundering, terrorist financing, and the financing of proliferation. They are designed to be implemented by countries through measures adapted to their own legal, administrative, operational, and financial circumstances, rather than through identical measures in every country. (FATF Recommendations 2012 (updated 2023.11).pdf, p.8)

They set out essential measures to: identify risks and develop policies and domestic coordination; pursue money laundering, terrorist financing, and proliferation financing; apply preventive measures to the financial sector and other designated sectors; establish powers and responsibilities for competent authorities; improve the transparency and availability of beneficial-ownership information concerning legal persons and arrangements; and facilitate international cooperation. (FATF Recommendations 2012 (updated 2023.11).pdf, p.8) The original FATF Forty Recommendations were issued in 1990, revised in 1996, and expanded in 2001 to address terrorist financing through the creation of Eight, later Nine, Special Recommendations. (FATF Recommendations 2012 (updated 2023.11).pdf, p.8)",fatf-recommendations-2012.pdf; FATF Recommendations 2012 (updated 2023.11).pdf; faft.pdf,8.995955467224121,False,en,5.5,ok
8,FATF Recommendations,"Les Recommandations du GAFI (FATF) constituent une norme internationale de lutte contre le blanchiment de capitaux, le financement du terrorisme et le financement de la prolifération des armes de destruction massive. Elles sont élaborées et promues par le Groupe d’action financière, organisme intergouvernemental indépendant chargé de protéger le système financier mondial contre ces menaces. (fatf-recommendations-2012.pdf, p.1-2)

Elles ne prescrivent pas des mesures identiques pour tous les pays : ceux-ci doivent les mettre en œuvre au moyen de mesures adaptées à leurs cadres juridiques, administratifs et opérationnels ainsi qu’à leurs systèmes financiers respectifs. Elles définissent notamment les mesures essentielles visant à identifier les risques et à développer des politiques ainsi qu’une coordination nationale, poursuivre le blanchiment de capitaux, le financement du terrorisme et le financement de la prolifération, appliquer des mesures préventives au secteur financier et aux autres secteurs désignés, établir les pouvoirs et responsabilités des autorités compétentes, améliorer la transparence et la disponibilité des informations sur les bénéficiaires effectifs des personnes morales et constructions juridiques, et faciliter la coopération internationale. (fatf-recommendations-2012.pdf, p.8)

Les quarante premières Recommandations ont été élaborées en 1990 pour lutter contre l’utilisation abusive des systèmes financiers à des fins de blanchiment de capitaux issus de la drogue. Elles ont été révisées en 1996, puis le mandat du GAFI a été étendu en octobre 2001 au financement des actes et organisations terroristes, avec l’adoption de huit, puis neuf, Recommandations spéciales sur le financement du terrorisme. (fatf-recommendations-2012.pdf, p.8)",fatf-recommendations-2012.pdf; fatf-recommendations-2012.pdf; FATF Recommendations 2012 (updated 2023.11).pdf,10.003844261169434,False,fr,7.3,ok
9,FATF AML/CFT,"The **Financial Action Task Force (FATF)** is an independent intergovernmental body that develops and promotes policies to protect the global financial system against **money laundering (ML), terrorist financing (TF), and the financing of proliferation of weapons of mass destruction (PF)**. Its Recommendations are recognised as the global **anti-money-laundering (AML) and counter-terrorist-financing (CFT) standard**. (FATF-4th-Round-Procedures.pdf.coredownload.pdf, pp. 1–2)

The FATF’s fourth-round procedures establish the framework for **AML/CFT mutual evaluations**. The associated methodology assesses both **technical compliance with the FATF Recommendations** and the **effectiveness of AML/CFT/CPF systems**—where CPF means counter-proliferation financing. (FATF-4th-Round-Procedures.pdf.coredownload.pdf, pp. 1–2; FATF-Assessment-Methodology-2022.pdf, pp. 1–2) The excerpts do not identify a specific law, article, directive, or regulation as the legal basis for these standards.",FATF-4th-Round-Procedures.pdf.coredownload.pdf; FATF-Assessment-Methodology-2022.pdf; FATF Methodology 22 Feb 2013.pdf.coredownload.inline.pdf,10.41406536102295,False,en,7.0,ok
10,FATF high-risk jurisdictions,"The FATF identifies and continually reviews jurisdictions with strategic deficiencies in their anti-money laundering, counter-terrorist financing and counter-proliferation-financing frameworks that pose risks to the international financial system. The process is overseen by the FATF’s International Co-operation Review Group (ICRG), which assesses jurisdictions according to threats, vulnerabilities or particular risks, and issues a public warning about risks emanating from identified jurisdictions. (Report on the State of Effectiveness and Compliance with the FATF Standards.pdf, p.12)

A jurisdiction must address all or nearly all elements of its ICRG action plan to be removed from FATF monitoring. The FATF has publicly identified more than 80 jurisdictions through this process, and more than 60 have made the necessary changes and exited the process. (Report on the State of Effectiveness and Compliance with the FATF Standards.pdf, p.13) The FATF’s list of high-risk and non-cooperative jurisdictions is one possible source for assessing a jurisdiction’s AML/CFT controls, but membership of the FATF or a FATF-style regional body does not, by itself, establish that a jurisdiction’s AML/CFT regime is adequate and effective. (EBA GL 2021 02 - consolidated (amended by EBA GL 2023 03)_EN.docx.pdf, p.19)",Report on the State of Effectiveness and Compliance with the FATF Standards.pdf; Report on the State of Effectiveness and Compliance with the FATF Standards.pdf; EBA GL 2021 02 - consolidated (amended by EBA GL 2023 03)_EN.docx.pdf,6.781820297241211,False,en,6.9,ok
11,FATF virtual assets,"Under the FATF definition, a **virtual asset** is a digital representation of value that can be digitally traded or transferred and used for payment or investment. It excludes digital representations of fiat currencies, securities, and other financial assets already covered elsewhere under the FATF Recommendations. (FATF Recommendations 2012 (updated 2023.11).pdf, p.138)

A **virtual asset service provider (VASP)** is a natural or legal person not covered elsewhere under the FATF Recommendations that, as a business, conducts activities for or on behalf of another person. The excerpt specifically identifies: **(i)** exchange between virtual assets and fiat currencies, and **(ii)** exchange between one or more forms of virtual assets. (FATF Recommendations 2012 (updated 2023.11).pdf, p.138) FATF’s standards on virtual assets and VASPs form part of its broader global standards addressing money laundering, terrorist financing, and proliferation financing risks. (7th-targeted-update-on-implementation-fatf-standards-vas-vasps-2026.pdf, p.1-3)",FATF Recommendations 2012 (updated 2023.11).pdf; 7th-targeted-update-on-implementation-fatf-standards-vas-vasps-2026.pdf.coredownload.pdf; 7th-targeted-update-on-implementation-fatf-standards-vas-vasps-2026.pdf,10.368746757507324,False,en,7.0,ok
12,What are the transparency rules for non-equity instruments?,"For non-equity instruments—bonds, structured finance products, emission allowances and derivatives—market operators and investment firms operating a trading venue must publish current bid and offer prices and the depth of trading interests at those prices. This information must be available continuously during normal trading hours, with requirements calibrated to different trading-system types under Annex I of Commission Delegated Regulation (EU) 2017/583 (RTS 2). Specific rules also apply to package orders and exchange-for-physical orders. (esma70-156-3329_mifid_ii_mifir_review_report_on_the_transparency_regime_for_non-equity_instruments.pdf, p.12; pp.12–13)

Pre-trade transparency waivers are available only in limited, clearly defined circumstances. They may cover orders that are large in scale compared with normal market size and orders held in a trading venue’s order management facility pending disclosure. Derivative transactions by non-financial counterparties are also exempt where they objectively reduce risks directly related to the commercial activity of the counterparty or its group. (esma70-156-3329_mifid_ii_mifir_review_report_on_the_transparency_regime_for_non-equity_instruments.pdf, p.12; pp.12–13) Post-trade, the price, volume and time of transactions executed in non-equity instruments must be made public as close to real time as technically possible—within 15 minutes during the first three years of application, and within 5 minutes thereafter. (esma70-156-3329_mifid_ii_mifir_review_report_on_the_transparency_regime_for_non-equity_instruments.pdf, p.32)",esma70-156-3329_mifid_ii_mifir_review_report_on_the_transparency_regime_for_non-equity_instruments.pdf; esma70-156-3329_mifid_ii_mifir_review_report_on_the_transparency_regime_for_non-equity_instruments.pdf; esma70-156-3329_mifid_ii_mifir_review_report_on_the_transparency_regime_for_non-equity_instruments.pdf,5.301558971405029,False,en,7.8,ok
13,What are the liquidity management tools under AIFMD?,"The excerpts identify the following principal liquidity management tools under **Annex V of AIFMD**: **suspension of subscriptions, redemption gates, and side pockets**. A side pocket separates assets whose economic or legal characteristics have materially changed or become uncertain in exceptional circumstances from the fund’s other assets. (ESMA34-671404336-1345_Final_Report_on_the_Draft_Regulatory_Technical_Standards_on_open-ended_loan-originating_AIFs_under_the_AIFMD.pdf, pp. 21–22; cssf25_901_recueil_eng.pdf, p. 25)

Other tools reported in connection with open-ended funds include **lock-up periods**, **standby credit facilities**, **diversification of the investor base**, and **swing pricing**. Lock-up periods prevent redemptions for a predetermined period. However, **soft closures** and **extensions of settlement periods** may be available where appropriate but do **not** qualify as liquidity management tools within the meaning of AIFMD. (ESMA34-671404336-1345_Final_Report_on_the_Draft_Regulatory_Technical_Standards_on_open-ended_loan-originating_AIFs_under_the_AIFMD.pdf, pp. 21–22; cssf25_901_recueil_eng.pdf, p. 25)",ESMA34-671404336-1345_Final_Report_on_the_Draft_Regulatory_Technical_Standards_on_open-ended_loan-originating_AIFs_under_the_AIFMD.pdf; cssf25_901_recueil_eng.pdf; EUR-Lex - 52021SC0340 - EN - EUR-Lex.pdf,10.081768989562988,False,en,8.3,ok
14,What are the CSDR settlement discipline rules?,"The CSDR settlement-discipline regime is structured around three main measures for addressing settlement failures: **reporting settlement fails, cash penalties, and a mandatory buy-in regime**. It also includes measures to prevent failures—such as allocations and confirmations, automation, mandatory matching and relevant CSD functionalities—and monitoring of settlement fails. (2016-174_-_final_report_on_csdr_rts_on_settlement_discipline_0.pdf, pp.1–2; esma70-156-5011_final_report_-_rts_settlement_discipline_-_buy-in_suspension.pdf, p.5)

The regime entered into force on **1 February 2022**. However, market participants reported serious implementation difficulties with mandatory buy-ins. In response, the co-legislators agreed that the costs of mandatory buy-ins might outweigh their benefits and amended the framework to allow different application dates for the individual settlement-discipline measures, while the buy-in regime could be further assessed and potentially amended. (esma70-156-5011_final_report_-_rts_settlement_discipline_-_buy-in_suspension.pdf, p.5; esma70-156-5011_final_report_-_rts_settlement_discipline_-_buy-in_suspension.pdf, pp.12–13)",esma70-156-5011_final_report_-_rts_settlement_discipline_-_buy-in_suspension.pdf; 2016-174_-_final_report_on_csdr_rts_on_settlement_discipline_0.pdf; esma70-156-5011_final_report_-_rts_settlement_discipline_-_buy-in_suspension.pdf,3.1635591983795166,False,en,9.2,ok
15,ESMA MiFID II,"ESMA’s MiFID II product-governance guidelines apply to firms and competent authorities involved in manufacturing or distributing financial instruments and structured deposits. They address requirements under MiFID II and the MiFID II Delegated Directive, including manufacturers’ and distributors’ product-governance obligations. The guidelines apply from two months after their publication on ESMA’s website in all EU official languages. (ESMA35-43-3448_Guidelines_on_product_governance.pdf, p.3)

The excerpts also describe ESMA proposals to integrate sustainability risks and factors into the MiFID II framework. In product governance, these proposals concern manufacturers’ and distributors’ definition and review of the target market, with ESG considerations or ESG preferences added to relevant delegated provisions. (esma35-43-1737_final_report_on_integrating_sustainability_risks_and_factors_in_the_mifid_ii.pdf, p.25) MiFID II is identified as Directive 2014/65/EU, while MiFIR is identified as Regulation (EU) No 600/2014. (esma70-156-3329_mifid_ii_mifir_review_report_on_the_transparency_regime_for_non-equity_instruments.pdf, p.8)",ESMA35-43-3448_Guidelines_on_product_governance.pdf; esma70-156-3329_mifid_ii_mifir_review_report_on_the_transparency_regime_for_non-equity_instruments.pdf; esma35-43-1737_final_report_on_integrating_sustainability_risks_and_factors_in_the_mifid_ii.pdf,10.226365089416504,False,en,10.8,ok
16,What are the UCITS sustainability requirements?,"UCITS management companies are expected to integrate sustainability risks into their organisational arrangements, investment decision-making and risk-management processes using a principles-based approach, similar to the treatment of other relevant risks. The framework should include effective and adequate procedures, appropriately skilled personnel, regular reviews and internal reporting, sufficient analytical, research and legal support, cooperation between relevant functions, and systems, processes and internal controls capable of identifying and analysing sustainability risks over time. Conflicts of interest arising from sustainability considerations must also be identified, prevented, managed and disclosed. (esma34-45-688_final_report_on_integrating_sustainability_risks_and_factors_in_the_ucits_directive_and_the_aifmd.pdf, p.10)

The governing body should be responsible for integrating sustainability risks and should periodically approve and review the risk-management policy, arrangements, processes, techniques and risk limits for each managed UCITS. The management company should employ sufficient personnel with the necessary skills, knowledge and expertise, taking account of the nature, scale and complexity of its business and services, as well as the resources and expertise needed for effective sustainability-risk integration. It should also maintain documented decision-making procedures and reporting lines, ensure that relevant persons understand their responsibilities, and operate adequate internal controls to ensure compliance with decisions and procedures. (esma34-45-688_final_report_on_integrating_sustainability_risks_and_factors_in_the_ucits_directive_and_the_aifmd.pdf, p.14–15)",esma34-45-688_final_report_on_integrating_sustainability_risks_and_factors_in_the_ucits_directive_and_the_aifmd.pdf; esma34-45-688_final_report_on_integrating_sustainability_risks_and_factors_in_the_ucits_directive_and_the_aifmd.pdf; esma34-45-688_final_report_on_integrating_sustainability_risks_and_factors_in_the_ucits_directive_and_the_aifmd.pdf,4.994967460632324,False,en,7.5,ok
17,What are the revised SREP guidelines?,"The revised SREP Guidelines are a single, comprehensive framework for the Supervisory Review and Evaluation Process (SREP), which consolidates supervisory findings into an overall assessment of an institution. They are addressed to competent authorities and also aim to harmonise supervisory stress testing across the EU. The revision reflects the banking package—Directive (EU) 2024/1619 and Regulation (EU) 2024/1623—as well as DORA (Regulation (EU) 2022/2554), the IRRBB/CSRBB package, and supervisory experience from almost a decade of implementation. (Final Report on revised SREP and supervisory stress testing Guidelines.pdf, p.5)

The revised framework retains the core SREP structure while adding ESG factors, operational resilience, third-country branches, and clarification of the interaction between revised Pillar 1 and Pillar 2 capital requirements, including the output floor. It integrates ICT risk assessment and repeals the separate ICT SREP Guidelines (EBA/GL/2017/05), with the aim of simplifying and improving consistency. It also strengthens proportionality, sequencing and supervisory effectiveness, including extending the assessment cycle for certain stable, low-risk Category 4 institutions from three to five years, subject to specified conditions. (Final Report on revised SREP and supervisory stress testing Guidelines.pdf, pp.5–6, 222–223) The guidelines further support risk-based supervision and require institutions to be categorised into four categories for proportionality, taking account of size, systemic importance, and the nature, scale and complexity of their activities. (Final Report on revised SREP and supervisory stress testing Guidelines.pdf, p.223)",Final Report on revised SREP and supervisory stress testing Guidelines.pdf; Final Report on revised SREP and supervisory stress testing Guidelines.pdf; Final Report on revised SREP and supervisory stress testing Guidelines.pdf,10.861390113830566,False,en,7.5,ok
18,What are the EBA guidelines on ESG risk management?,"The EBA’s ESG risk management guidelines broaden the focus beyond climate and environmental risks to cover environmental, social and governance risks more comprehensively. They set out supervisory expectations for integrating ESG risks into institutions’ strategies, business models, governance, operations, risk management and internal control systems. A central feature is the transition plan: institutions should use it as a concrete roadmap for managing ESG risks under the prudential framework. (Publication-EBA-Guidelines-vLinkedIn.pdf, p.1–2)

The guidelines expect institutions to conduct a materiality assessment, identify ESG risk transmission channels, scan the business environment, and analyse how material risks could affect their strategy and business model. These findings should support the definition of mitigation objectives and the transition plan, with robust ESG data underpinning the process. The guidelines build on EU and international requirements and principles, including BCBS principles and NGFS guidance, and cross-reference EBA requirements on loan origination and monitoring, internal governance, and Pillar 3 ESG risk metrics. (Publication-EBA-Guidelines-vLinkedIn.pdf, p.1–2; Final Guidelines on the management of ESG risks.pdf, p.12)",Publication-EBA-Guidelines-vLinkedIn.pdf; Circular 26_905.pdf; Final Guidelines on the management of ESG risks.pdf,10.883116722106934,False,en,6.8,ok
19,EBA operational risk,"The EBA’s operational-risk work focuses on implementing the new operational-risk framework—the **Standardised Measurement Approach (SMA)**—as part of the EU implementation of the **Basel III framework** under the **Banking Package**. Its priorities include supporting implementation in the EU, monitoring and promoting the consistent application of operational-risk requirements, and providing support through Q&A. (Single-Programming-Document-2026-2028-initial-1-1.pdf, p.40)

The planned ongoing output includes **technical standards on the exclusion of losses** (“RTS on the exclusion of losses”), scheduled for **Q1**. The excerpts do not specify a more detailed legal basis or particular provisions for this measure. (Single-Programming-Document-2026-2028-initial-1-1.pdf, p.40)",Single-Programming-Document-2026-2028-initial-1-1.pdf; Single-Programming-Document-2026-2028-initial-1-1.pdf; Single-Programming-Document-2026-2028-initial-1-1.pdf,9.515148162841797,False,en,6.6,ok
20,EBA outsourcing guidelines,"The **EBA Guidelines on outsourcing arrangements (EBA/GL/2019/02)** incorporate the earlier **EBA Recommendations on outsourcing to cloud service providers (EBA/REC/2017/03)**. They were intended to establish a consistent approach to outsourcing, including cloud outsourcing, across the banking sector and to support supervisory convergence. (8b80b926-ad14-48fc-9618-325234845d03_en.pdf, pp. 3–4, 33)

The ECB Banking Supervision expects institutions to comply fully with the applicable outsourcing requirements within the relevant timelines. Existing outsourcing arrangements were generally required to be documented in line with the Guidelines after the first renewal date, and no later than **31 December 2021**; this documentation requirement expressly excluded outsourcing arrangements to cloud service providers. (Annual report on the outcome of the SREP IT Risk Questionnaire – Feedback to the industry.pdf, p. 14) The excerpts do not provide the full detailed requirements of EBA/GL/2019/02, nor do they identify a specific legal basis beyond the Guidelines themselves.",8b80b926-ad14-48fc-9618-325234845d03_en.pdf; 8b80b926-ad14-48fc-9618-325234845d03_en.pdf; Annual report on the outcome of the SREP IT Risk Questionnaire – Feedback to the industry.pdf,8.87326431274414,False,en,6.6,ok
21,EBA Pillar 3 disclosures,"The EBA’s final draft Implementing Technical Standards (ITS), published on 22 June 2026, amend the Pillar 3 disclosure framework to complete the disclosure requirements introduced by the revised Capital Requirements Regulation (CRR3). They revise ESG-risk disclosures and introduce new disclosure requirements for equity exposures and aggregate exposures to shadow banking entities, with the objectives of improving clarity, consistency and usability as part of the EU simplification agenda. (A&O Shearman _ FinReg _ EBA final draft ITS on amended Pillar 3 disclosures.pdf, p.1; EBA updates Pillar 3 disclosure requirements on ESG risks, equity and shadow banking exposures, as part of simplification effort _ European Banking Authority.pdf, p.1-2)

For ESG disclosures, the scope is extended beyond large listed institutions to large non-listed institutions, other institutions, small and non-complex institutions (SNCIs), and large subsidiaries. The framework is proportionate, with requirements differentiated according to an institution’s size and complexity. SNCIs would disclose only essential information, including physical and transition risks and exposures to fossil-fuel sectors, while requirements for larger institutions are clarified and streamlined rather than expanded. (A&O Shearman _ FinReg _ EBA final draft ITS on amended Pillar 3 disclosures.pdf, p.1; EU_ EBA publishes long-awaited final draft ITS amending the Pillar 3 disclosure framework on ESG risks, Premlata Fagan.pdf, p.1-2) The ESG Pillar 3 framework is closely linked to the EBA’s ESG supervisory-reporting framework under consultation and is aligned with the European Sustainability Reporting Standards (ESRS); the two documents should therefore be read together. (EBA updates Pillar 3 disclosure requirements on ESG risks, equity and shadow banking exposures, as part of simplification effort _ European Banking Authority.pdf, p.1-2)","A&O Shearman _ FinReg _ EBA final draft ITS on amended Pillar 3 disclosures.pdf; EBA updates Pillar 3 disclosure requirements on ESG risks, equity and shadow banking exposures, as part of simplification effort _ European Banking Authority.pdf; EU_ EBA publishes long-awaited final draft ITS amending the Pillar 3 disclosure framework on ESG risks, Premlata Fagan.pdf",10.390471458435059,False,en,7.8,ok
22,What is the ORSA under Solvency II?,"The **ORSA (Own Risk and Solvency Assessment)** is a regular assessment that an insurance or reinsurance undertaking performs as part of its risk-management system. Its purpose is to identify and assess all risks inherent in the business and determine the undertaking’s **overall solvency needs**, including the amount and quality of own funds required for its particular risk exposure and business objectives. It must take a forward-looking view of the risks faced by the undertaking. (0ae6b432-4ca1-415c-8613-45407266f00b_en.pdf, p.15; p.8)

The ORSA reflects the undertaking’s risk profile, approved risk-tolerance limits and business strategy, and its results should inform management and strategic decisions, such as risk retention or transfer, capital management and premium-setting. It is not satisfied merely by producing a report or completing templates, and the undertaking cannot assume that regulatory capital requirements alone are sufficient for its specific risks. (0ae6b432-4ca1-415c-8613-45407266f00b_en.pdf, p.15)",0ae6b432-4ca1-415c-8613-45407266f00b_en.pdf; 0ae6b432-4ca1-415c-8613-45407266f00b_en.pdf; 0ae6b432-4ca1-415c-8613-45407266f00b_en.pdf,7.396919250488281,False,en,7.3,ok
23,What are the Solvency II capital requirements?,"The excerpts describe Solvency II capital requirements as requiring an undertaking to demonstrate that it can comply **continuously** with its regulatory capital requirements. This forward-looking assessment must consider potential material changes in its risk profile; the quantity and quality of own funds throughout the business-planning period; and the tier composition of own funds, including changes resulting from redemptions, repayments and maturities. (Final_EN_ORSA_Clean.pdf, p.9)

The undertaking must also assess whether its risk profile deviates significantly from the assumptions underlying the Solvency II **Solvency Capital Requirement (SCR)** calculation. A qualitative assessment may be used first, with quantitative assessment required where the deviation may be significant. (Final_EN_ORSA_Clean.pdf, p.9) The excerpts also indicate that capital requirements address major risks such as credit risk and issuer-level concentration risk, although they do not cover every vulnerability, particularly those associated with illiquid and difficult-to-value assets. (FINANCIAL STABILITY REPORT.pdf, p.89)

The excerpts do not provide the numerical capital thresholds, calculation formulas, or a complete breakdown of the Solvency II requirements. They also indicate that an internal model may be used in certain circumstances, but the undertaking must assess the position that its internal-model application could be rejected. (Final_EN_ORSA_Clean.pdf, p.5–6)",Final_EN_ORSA_Clean.pdf; Final_EN_ORSA_Clean.pdf; FINANCIAL STABILITY REPORT.pdf,6.301668167114258,False,en,8.5,ok
24,EIOPA Solvency II,"EIOPA is revising the Solvency II framework to support a sound and consistent application of the amended rules. Although Solvency II remains primarily microprudential, its macroprudential dimension has been strengthened. The reviewed framework introduces macroprudential considerations in the ORSA and PPP, requirements for short-, medium- and long-term liquidity plans, and further conditions under which competent authorities must act in response to macroprudential concerns. Improvements to quantitative reporting templates introduced from year-end 2023 also enhance liquidity monitoring. EIOPA has revised the related supervisory reporting and public disclosure technical standards, with the aim of significantly reducing insurers’ and reinsurers’ reporting burden. (FINANCIAL STABILITY REPORT.pdf, pp. 22–23)

EIOPA is also conducting a sequential review of all existing Solvency II guidelines, both to align them with the revised legal framework and to simplify and shorten them. The stated aim is to retain only what is strictly necessary for sound and consistent application. In the guidelines on related undertakings and participations, amendments update and clarify Guidelines 1, 2, 3, 6 and 7; Guideline 3 requires participating undertakings to demonstrate, through qualitative and quantitative assessment, that the equity investment is likely to be materially less volatile. Guideline 5 is deleted and partly incorporated into Guideline 4, while Guidelines 8 and 9 are deleted because the underlying legal provisions are considered sufficiently clear. (2f3549ce-6f73-4f89-a00d-712f86236105_en.pdf, p. 4) A separate set of amended guidelines, including Guidelines 1, 4, 5, 9, 12, 15, 16 and 23 and the technical annex, is scheduled to apply from 30 January 2027. (dda6cfcc-e3f0-4d40-91a4-b870dfb15522_en.pdf, pp. 3–4) EIOPA is also continuing work on implementing the European Insurance Recovery and Resolution Directive (IRRD). (FINANCIAL STABILITY REPORT.pdf, p. 23)",FINANCIAL STABILITY REPORT.pdf; 2f3549ce-6f73-4f89-a00d-712f86236105_en.pdf; dda6cfcc-e3f0-4d40-91a4-b870dfb15522_en.pdf,10.787942886352539,False,en,8.2,ok
25,EIOPA ORSA,"EIOPA’s ORSA framework concerns the **forward-looking assessment of an undertaking’s own risks**, based on ORSA principles. EIOPA issued guidelines for National Competent Authorities during the preparatory phase for applying the Solvency II Directive, with the aim of promoting a consistent and convergent supervisory approach across the EU. The guidelines are based on Articles 41, 44, 45 and 246 of the Solvency II Directive. (Final_EN_ORSA_Clean.pdf, pp. 1–2)

The ORSA should strengthen the undertaking’s management and must not be treated merely as a compliance exercise. The undertaking—and particularly its administrative, management or supervisory body—should understand its risks and the capital needs arising from them. The principle of proportionality applies: the ORSA should not become more complex than the calculation of the SCR for small and medium-sized undertakings with non-complex risk profiles. Permitted simplifications for Pillar 1 quantitative requirements may also be used in the ORSA where the relevant conditions are met. (0ae6b432-4ca1-415c-8613-45407266f00b_en.pdf, p. 6)

For groups seeking authorization to produce a **single ORSA document**, they must provide the group supervisor with relevant information explaining how the individual assessments of the included entities are covered and addressed, and how the respective AMSBs are involved through to production of the single ORSA document. (0ae6b432-4ca1-415c-8613-45407266f00b_en.pdf, p. 6; p. 7)",Final_EN_ORSA_Clean.pdf; 0ae6b432-4ca1-415c-8613-45407266f00b_en.pdf; 0ae6b432-4ca1-415c-8613-45407266f00b_en.pdf,6.373080253601074,False,en,6.7,ok
26,Solvency II guidelines,"The Solvency II guidelines are being revised to make them shorter and limited to what is necessary for a sound and consistent application of Solvency II. The current Guidelines on the valuation of technical provisions were issued in 2015; the 2022 revision concerned best-estimate valuation and applied from 2023. The current revision focuses on the risk-margin calculation for technical provisions, particularly Guidelines 50, 61, 62 and 63 and Technical Annexes IV and VI. It incorporates the Solvency II review’s new exponential, time-dependent “lambda factor,” intended to reflect the time dependency of risks, reduce the risk margin—especially for long-term liabilities—and reduce its sensitivity to interest-rate changes. Guideline 62 and Technical Annex IV were amended, while Guideline 61 and Technical Annex VI were deleted. (Report on revised GLs on valuation of TPs.pdf, p.4)

The revised Guidelines on group solvency specify and harmonise requirements for calculating group solvency. They apply to all group-solvency calculation methods unless otherwise stated, with the standard formula or internal model specified where relevant, and address EEA groups in the context of Articles 215 to 217 of Directive 2009/138/EC (Solvency II Directive). They are addressed to supervisory authorities under Solvency II and apply from 30 January 2027, repealing and replacing the Guidelines on group solvency (EIOPA-BoS-14/181). (dda6cfcc-e3f0-4d40-91a4-b870dfb15522_en.pdf, pp.4–5, 13)",Report on revised GLs on valuation of TPs.pdf; dda6cfcc-e3f0-4d40-91a4-b870dfb15522_en.pdf; dda6cfcc-e3f0-4d40-91a4-b870dfb15522_en.pdf,8.383223533630371,False,en,7.3,ok
27,What are the AMLA's 2026 priorities?,"AMLA’s 2026 priorities are to:

- **Complete the Single Rulebook** by delivering core regulatory mandates, including six priority private-sector instruments (RTS, ITS or guidelines), with an emphasis on customer due diligence, business relationships and consistent implementation of AML/CFT obligations. (AMLA sets strategic priorities with 2026-28 Single Programming Document.pdf, p.1-2; AMLA SPD 2026-2028.pdf, p.32)
- **Advance supervisory convergence**, including through direct supervision and by laying the foundations for indirect supervision and oversight. (AMLA sets strategic priorities with 2026-28 Single Programming Document.pdf, p.1-2)
- **Strengthen cooperation among Financial Intelligence Units (FIUs)** by operationalising the FIU framework. (AMLA sets strategic priorities with 2026-28 Single Programming Document.pdf, p.1-2)
- **Develop AMLA’s risk frameworks** to support its supervisory and other functions. (AMLA sets strategic priorities with 2026-28 Single Programming Document.pdf, p.1-2)

Alongside these substantive priorities, AMLA plans to scale its workforce, IT infrastructure and organisational structures. Its digital priorities for 2026–2028 include developing advanced digital solutions, taking over and modernising critical systems, and becoming a leader in data analytics and innovation, while integrating AI systematically across its operations. (A&O Shearman _ FinReg _ AMLA's first single programming document for 2026-2028.pdf, p.1)",A&O Shearman _ FinReg _ AMLA's first single programming document for 2026-2028.pdf; AMLA SPD 2026-2028.pdf; AMLA sets strategic priorities with 2026-28 Single Programming Document.pdf,10.651029586791992,False,en,6.9,ok
28,What are the draft RTS on Customer Due Diligence?,"The draft RTS on Customer Due Diligence (CDD) are regulatory technical standards intended to specify:

- CDD requirements and the information to be collected for simplified, standard and enhanced due diligence;
- the types of simplified due diligence measures that may be applied;
- risk factors linked to features of electronic money;
- reliable and independent information sources for verifying identification data; and
- the attributes that electronic identification methods and qualified trust services must have to satisfy identification and verification requirements.  
(“AMLA Public Hearing - Draft RTS under Article 28(1) AMLR.pdf,” pp. 9–11)

The draft RTS were initially developed by the EBA following a European Commission call for advice, consulted on and amended after approximately 170 responses, and then transferred to AMLA. AMLA also considered input concerning the non-financial sector. The overarching principles are a high level of harmonisation, preservation of the risk-based approach and proportionality. (“AMLA Public Hearing - Draft RTS under Article 28(1) AMLR.pdf,” pp. 9–11; “2026 AML_CFT Consultations - Unpacking AMLA's New Draft RTS_ Key Takeaways for the Financial and Non‑Financial Sectors_br__ _ Herbert Smith Freehills Kramer _ Global law firm.pdf,” pp. 1–2)

A notable change in AMLA’s revised draft concerns powers of representation. New recital 12 refers to provisions requiring obliged entities to collect information to verify the existence and scope of a person’s authority to act on behalf of a customer; Article 16 addresses identification and verification of that person. (“2026 AML_CFT Consultations - Unpacking AMLA's New Draft RTS_ Key Takeaways for the Financial and Non‑Financial Sectors_br__ _ Herbert Smith Freehills Kramer _ Global law firm.pdf,” pp. 1–2, 4)",2026 AML_CFT Consultations - Unpacking AMLA's New Draft RTS_ Key Takeaways for the Financial and Non‑Financial Sectors_br__ _ Herbert Smith Freehills Kramer _ Global law firm.pdf; 2026 AML_CFT Consultations - Unpacking AMLA's New Draft RTS_ Key Takeaways for the Financial and Non‑Financial Sectors_br__ _ Herbert Smith Freehills Kramer _ Global law firm.pdf; AMLA Public Hearing - Draft RTS under Article 28(1) AMLR.pdf,10.136493682861328,False,en,8.3,ok
29,AMLA RTS,"AMLA is developing draft Regulatory Technical Standards (RTS) covering, among other matters, proportionate and risk-based customer due diligence (CDD) measures. These RTS aim to harmonise the application of AML/CFT requirements across the Union, apply to obliged entities in both the financial and non-financial sectors, promote simplification, and allow entities to select effective and proportionate measures based on their risks. The consultation paper concerns draft RTS under Article 28(1) of Regulation (EU) 2024/1624 and was published for a three-month consultation period. (3d430294-5171-455c-b565-a86fc5f3cb1c_en.pdf, p.4-5)

AMLA is also preparing draft RTS on cooperation between home and host supervisors. These standards establish a baseline framework for supervisory cooperation concerning cross-border groups of obliged entities, clarify the respective duties of home and host supervisors, and provide practical arrangements—such as communication channels—for day-to-day cooperation and information sharing. The stated legal basis is Article 46(4) of AMLD. Information received from third-country counterparts remains subject to prior consent requirements. (Press Release - Draft RTS on Home-Host Supervisory Cooperation.pdf, p.4-5)",3d430294-5171-455c-b565-a86fc5f3cb1c_en.pdf; Press Release - Draft RTS on Home-Host Supervisory Cooperation.pdf; 3d430294-5171-455c-b565-a86fc5f3cb1c_en.pdf,9.282544136047363,False,en,8.3,ok
30,AMLA Single Programming Document,"AMLA’s first Single Programming Document (SPD) covers 2026–2028. It is a multi-year strategic planning document setting out the Authority’s objectives, planned activities, required resources, work programme and strategic priorities as AMLA moves toward full operational capacity. (SPD-2026-2028-Explainer.pdf, p.1; A&O Shearman _ FinReg _ AMLA's first single programming document for 2026-2028.pdf, p.1)

For 2026, the SPD identifies five interlinked workstreams: delivering core regulatory mandates; advancing direct supervision; operationalising the Financial Intelligence Unit (FIU) framework; laying the foundations for indirect supervision and oversight; and developing AMLA’s risk frameworks. AMLA plans to deliver 24 of its 40 mandates in 2026, prioritising effective implementation, simplification, industry-relevant measures and mandates needed for its supervisory and FIU responsibilities. (SPD-2026-2028-Explainer.pdf, p.1) The SPD also includes a 2026–2028 digital roadmap focused on advanced digital solutions, modernising mission-critical systems, and data analytics and innovation, with AI to be systematically integrated into AMLA’s operations. (A&O Shearman _ FinReg _ AMLA's first single programming document for 2026-2028.pdf, p.1) By 2028, AMLA is expected to directly supervise the Union’s financial institutions with the largest geographical footprint and highest risk profile, alongside indirect oversight and FIU coordination. (AMLA SPD 2026-2028.pdf, p.5)",SPD-2026-2028-Explainer.pdf; A&O Shearman _ FinReg _ AMLA's first single programming document for 2026-2028.pdf; AMLA SPD 2026-2028.pdf,10.914939880371094,False,en,11.1,ok
31,AMLA cross-border FIU cooperation,"AMLA is strengthening cross-border cooperation between EU Financial Intelligence Units (FIUs) by establishing a recurring cycle of joint analyses covering cross-border typologies and emerging risks, including crypto-assets and novel payment channels. Priority cases are intended to be selected transparently and consistently, with analytical outputs routed in a structured way to national authorities and, where relevant, the EPPO, OLAF, Europol and Eurojust. In 2026, AMLA’s team of 27 FIU delegates is expected to be complete, supporting enhanced coordination, information exchange and analytical cooperation. (AMLA SPD 2026-2028.pdf, pp. 23–24)

AMLA is also developing harmonised standards for FIU cooperation, including the standard format for FIU-to-FIU exchanges and regulatory technical standards setting criteria for the cross-border relevance of suspicious transaction reports (STRs). Its consultation proposes objective, structured criteria that can be applied automatically through FIU.net to distinguish between a full cross-border report and a focused “cross-border dissemination,” aiming to make exchanges faster and more consistent while reducing over- and under-sharing. (AMLA SPD 2026-2028.pdf, pp. 23–24; Press Release - AMLA consults on clear rules for cross-border FIU information exchanges.pdf, p. 1)

AMLA will host, maintain and further develop FIU.net, pursue interoperability with national systems, and establish support mechanisms including a helpdesk, training, knowledge-sharing, peer reviews and mediation procedures. Formal working arrangements with Europol, Eurojust, OLAF and the EPPO are also planned. (AMLA SPD 2026-2028.pdf, p. 24)",AMLA SPD 2026-2028.pdf; Press Release - AMLA consults on clear rules for cross-border FIU information exchanges.pdf; AMLA SPD 2026-2028.pdf,10.45943546295166,False,en,9.7,ok
32,"Do we have an example of a Compliance Monitoring Plan, including the associated risk assessment, for a crypto-asset service provider (CASP) in Luxembourg?","No. The excerpts do not provide an example or template of a Compliance Monitoring Plan for a Luxembourg crypto-asset service provider, nor do they include an associated enterprise-wide or compliance risk assessment. They also contain no Luxembourg-specific requirements or document.

They do, however, identify matters that could be included in such a plan, including:

- Regular monitoring of suitability assessments and whether staff consider all relevant suitability requirements. (ESMA35-24871704-2922 Guidelines for the criteria on the assessment of knowledge and competence under the Markets in Crypto Assets Regulation, p.17–18)
- Monitoring whether staff can properly assess clients’ objectives, financial situation, knowledge and experience, and explain the risks and rewards of crypto-assets or strategies. (ESMA35-24871704-2922 Guidelines for the criteria on the assessment of knowledge and competence under the Markets in Crypto Assets Regulation, p.17–18)
- Training and monitoring concerning conflicts of interest and inducements. (ESMA35-24871704-2922 Guidelines for the criteria on the assessment of knowledge and competence under the Markets in Crypto Assets Regulation, p.17–18)
- Controls over suitability questionnaires and risk-profiling tools, including coherence checks and mitigation of risks arising from their use. (ESMA35-1872330276-2031_Guidelines_on_suitability_and_periodic_statement_MiCA.pdf, p.20)

Thus, the excerpts can support the content of a Compliance Monitoring Plan, but they do not contain the requested completed example or risk assessment.",ESMA35-24871704-2922 Guidelines for the criteria on the assessment of knowledge and competence under the Markets in Crypto Assets Regulation (MiCA).pdf; ESMA35-1872330276-2031_Guidelines_on_suitability_and_periodic_statement_MiCA.pdf; ESMA35-1872330276-2031_Guidelines_on_suitability_and_periodic_statement_MiCA.pdf,3.620208501815796,False,en,8.6,ok
33,"In the context of a Long Form Report (external audit) of a payment institution, do we have a model approach for the review of the AML/CFT framework?","No specific Long Form Report (external audit) template or detailed AML/CFT audit programme is provided in the excerpts. They do, however, support a **risk-based review approach**, rather than a purely checklist-based review. The review should consider the payment institution’s inherent financial-crime risks, whether its controls effectively mitigate those risks, and whether the supervisory or audit effort is proportionate to its ML/TF risk profile. Particular attention should be given to cross-border activities, agent networks and the use of agents, and products, delivery channels or technologies whose financial-crime risks may not have been adequately identified at design or implementation stage (Recommendations for Regulating and Supervising Bank and Non-bank Payment Service Providers Offering Cross-border Payment Services_ Final report.pdf, pp.23–24).

A practical review structure can also document: (i) the reasons for any non-compliance; (ii) whether the issue is confirmed and constitutes a regulatory breach; (iii) any mitigating factors; and (iv) the appropriate response or remediation. The framework should further be assessed through governance, risk management and operational-risk considerations, with controls rated, for example, as strong or adequate based on the quality of management, organisation and controls and their compatibility with the institution’s nature and complexity (Supervisory methodology 2025.pdf, pp.11–12). Accordingly, the excerpts provide principles for developing a Long Form Report methodology, but not a prescribed model report or specific legal basis.",Recommendations for Regulating and Supervising Bank and Non-bank Payment Service Providers Offering Cross-border Payment Services_ Final report.pdf; Press Release - Draft RTS on Home-Host Supervisory Cooperation.pdf; Supervisory methodology 2025.pdf,1.938610315322876,False,en,9.8,ok
34,Do we have examples of valuation policy and risk management policy for an ISA with infrastructure funds?,"Yes. The excerpts provide useful examples, although they do not contain a complete, ISA-specific policy template for infrastructure funds.

For **valuation policy**, the scope can cover infrastructure-related immovable assets and project finance, including onshore and offshore solar or wind projects, hydropower facilities, toll roads, railways and similar infrastructure. Good practice is to document the assets and sub-types covered across entities, business lines and portfolios; specify the valuation methods used; and incorporate relevant climate and nature risk drivers, including the effect of insurance. (Good practices for climate and nature risk management.pdf, pp.121–122) Valuation governance can also include controls over the accuracy of investment information, the proportion of assets valued using alternative methods, and back-testing or analysis of valuation changes. (d1ef2dd1-043d-4c0c-8e49-498cbcf8973c_en.pdf, p.28)

For **risk management policy**, the excerpts identify policies and procedures covering credit assessment, pricing and granting, credit monitoring, renewal and refinancing, collateral management, concentration risk, operational risk, borrower assessment and scoring, valuation and impairment, problem debt and staff expertise. They also mention leverage and diversification limits and restrictions on certain activities, such as non-hedging derivatives, short selling and securities lending. (EUR-Lex - 52021SC0340 - EN - EUR-Lex.pdf, pp.100–101) For infrastructure exposures, the policy should additionally address risk-transfer and hedging arrangements, including governance, effectiveness, basis risk, complexity, stress-test results, asset-liability management, counterparty or reinsurer credit risk and climate-related catastrophe risks. (d1ef2dd1-043d-4c0c-8e49-498cbcf8973c_en.pdf, p.28)

The excerpts do not name a specific legal basis or provide a complete policy expressly labelled for an “ISA with infrastructure funds.”",Good practices for climate and nature risk management.pdf; EUR-Lex - 52021SC0340 - EN - EUR-Lex.pdf; d1ef2dd1-043d-4c0c-8e49-498cbcf8973c_en.pdf,1.5827652215957642,False,en,109.6,ok
35,Do we have a due diligence questionnaire to send to UCITS fund distributors?,"Yes. The excerpts indicate that a **distribution due diligence questionnaire** is used for distributor oversight. It is generally a process of asking questions, receiving and assessing the distributor’s answers, to verify compliance with applicable marketing laws and regulations, contractual requirements, and AML/CTF obligations. The objective is to ensure that the distributor complies with marketing and governance rules and AML/CTF requirements when marketing the fund. (Delegate Due Diligence.pdf, p.5–6)

The excerpts do not provide the questionnaire itself or a specific list of questions. They also distinguish distributor due diligence from AML/KYD or AML/KYC due diligence. (Delegate Due Diligence.pdf, p.5–6)",esma34-45-688_final_report_on_integrating_sustainability_risks_and_factors_in_the_ucits_directive_and_the_aifmd.pdf; cssf21_790_eng.pdf; Delegate Due Diligence.pdf,2.3621132373809814,False,en,7.2,ok
36,"What are the regulatory obligations of an MFI for FATCA/CRS reporting, and do we have an example of an internal FATCA/CRS policy?","An MFI acting as a reporting Financial Institution must comply with both FATCA and CRS reporting obligations to the Luxembourg tax authorities. For fiscal year 2025, reporting is due by **30 June 2026**; where applicable, it may submit a “zero” or “nil” report if it has no reportable accounts. For FATCA, a Foreign Financial Institution should generally register and obtain a **Global Intermediary Identification Number (GIIN)**, whereas no CRS registration is required. FATCA exemptions may apply to certain entities or accounts, while CRS exemptions are more limited. (FATCA & CRS _ Obligations for Reporting Financial Institutions for year 2025, pp. 1–2)

The MFI must establish and evidence appropriate due-diligence and compliance processes, monitor any third-party service providers, retain evidence of their work and of the controls performed, and keep copies of all reports—including initial filings, additions, cancellations and corrections—together with Luxembourg tax administration validation feedback. Under Article 2(1) of the Luxembourg CRS Law, relevant documentation must be retained for **10 years**, including client files, financial-position valuations, the Register of Actions, written procedures and policies, submitted reports, validation feedback and other evidence of compliance; records must be readily available for audit. (Updated Luxembourg CRS FAQ reinforce importance of compliance records, pp. 3–4) Non-compliance may result in a EUR 10,000 penalty for no reporting, up to EUR 250,000 for breaches such as failures in due diligence or compliance setup, and the main penalty plus 0.5% of amounts that should have been reported for incomplete, late or inaccurate reporting. (FATCA & CRS _ Obligations for Reporting Financial Institutions for year 2025, p. 1)

The excerpts confirm that the MFI should maintain written FATCA/CRS procedures and policies, but **they do not provide an example of an internal FATCA/CRS policy**. (Updated Luxembourg CRS FAQ reinforce importance of compliance records, p. 3)","Updated Luxembourg CRS FAQ reinforce importance of compliance records.pdf; FATCA & CRS _ Obligations for Reporting Financial Institutions for year 2025.pdf; FR_09_2024 Evolution in the Operation, Governance and Business Models of Exchanges_ Regulatory Implications and Good Practices.pdf",2.2453949451446533,False,en,11.0,ok
37,What are the supervisory obligations of an MFI when functions are delegated directly by the fund's general partner rather than by the MFI itself?,"The excerpts do not expressly address a situation in which the fund’s general partner delegates functions directly, rather than the MFI/AIFM delegating them. However, they establish that the AIFM remains fully responsible and liable to investors for the provision of the fund-management functions. Delegation therefore does not remove the AIFM’s supervisory responsibility or liability merely because the delegation is arranged through another party. (EUR-Lex - 52021SC0340 - EN - EUR-Lex.pdf, p.150–151)

Accordingly, the AIFM should maintain effective oversight and information flows with any third party involved, ensure adequate internal controls, and ensure that its governing body and senior management remain responsible for compliance with the AIFM’s obligations. Where the arrangement is treated as delegation of core functions, the delegate must meet the stated authorisation, competence, resources and reputation requirements; the AIFM must supervise the delegate, be able to withdraw the delegation immediately, and ensure that the competent authorities are notified before the arrangement becomes effective. (esma34-45-688_final_report_on_integrating_sustainability_risks_and_factors_in_the_ucits_directive_and_the_aifmd.pdf, p.15–16; EUR-Lex - 52021SC0340 - EN - EUR-Lex.pdf, p.150–151)",esma34-45-688_final_report_on_integrating_sustainability_risks_and_factors_in_the_ucits_directive_and_the_aifmd.pdf; EUR-Lex - 52021SC0340 - EN - EUR-Lex.pdf; esma34-45-688_final_report_on_integrating_sustainability_risks_and_factors_in_the_ucits_directive_and_the_aifmd.pdf,0.890374481678009,False,en,11.2,ok
38,"Investor blocked account monitoring system (the function of transfer agent/TA is outsourced). Apart from sending reminders to the TA to obtain the missing documentation to complete/finalize the KYC, what more can IFM do? Make a declaration of suspicion, escalate the subject to the Board?","Beyond reminders, the IFM should treat the matter as a documented AML/KYC case rather than merely an administrative follow-up. It should review the investor’s KYC information, transaction history and risk profile; determine whether a temporary investigative restriction or manual-review status is appropriate; and ensure that the account-level restriction, its date, rationale, supporting evidence and follow-up actions are recorded. The investor may be informed, within legal limits, of the restriction and of the documentation or explanations required. (What Is a Blocked Account in Anti‑Money Laundering_.pdf, p.4; What Is a Blocked Account in Anti‑Money Laundering_.pdf, p.6-7)

Because the TA is outsourced, the IFM should use its outsourcing-governance framework: perform risk-based due diligence, obtain periodic certifications or assessments where appropriate, address findings through the relevant oversight team, and monitor the TA through periodic service reviews. For critical providers such as TAs, the excerpt indicates that annual onsite due diligence is expected. (Delegate Due Diligence.pdf, p.6)

A declaration of suspicion should be considered where the review identifies suspected money laundering or terrorist financing; the excerpt describes filing a SAR or equivalent report with the FIU as part of the workflow. A sanctions-related match requires the applicable blocking action and notification to the competent authority. Mere failure to provide documents, without indicators of ML/TF or sanctions exposure, is not identified in the excerpts as sufficient by itself to justify a suspicion report. (What Is a Blocked Account in Anti‑Money Laundering_.pdf, p.4) Escalation to the IFM’s internal oversight function is appropriate, particularly for material or unresolved TA deficiencies; escalation specifically to the Board is not addressed in the excerpts and should therefore depend on the IFM’s internal governance and escalation thresholds. (Delegate Due Diligence.pdf, p.6)",What Is a Blocked Account in Anti‑Money Laundering_.pdf; What Is a Blocked Account in Anti‑Money Laundering_.pdf; Delegate Due Diligence.pdf,1.539218783378601,False,en,11.9,ok
39,What obligations are imposed on an AIFM investing in illiquid securities under the Market Abuse Regulation (MAD 2)?,"The excerpts do **not identify any specific obligation imposed by MAD 2** on an AIFM investing in illiquid securities. They refer instead to AIFMD/AIFM-related supervisory and liquidity obligations.

Relevant obligations described are:

- The AIFM must report information to its national competent authority, including the main instruments traded by the AIFs it manages, principal exposures and significant investment concentrations. A full-scope AIFM must also report investment strategies, principal markets, investor concentration, risk profiles—including liquidity risk—and stress-test results. The home-state authority must make the information available to other relevant authorities, ESMA and the ESRB. (52021SC0340, pp.144–145)
- The AIFM must implement liquidity-risk limits that take account of each AIF’s investment strategy and assets and are consistent with the risk profile disclosed to investors. The investment strategy, liquidity profile and redemption policy must allow redemptions consistently with the fair treatment of all investors and the AIF’s redemption obligations. (FR13_22 Thematic Review on Liquidity Risk Management Recommendations, p.18)
- Where anti-dilution levies are used, they should reflect the estimated explicit and implicit portfolio-transaction costs caused by subscriptions or redemptions, including significant market impact from buying or selling assets to meet those transactions. (ESMA34-1985693317-1259_Final_Report_on_the_Draft_Regulatory_Technical_Standards_on_Liquidity_Management_Tools_under_the_AIFMD_and_UCITS_Directive, p.47)

Thus, based on these excerpts, no MAD 2-specific illiquid-securities requirement can be stated; the documented requirements concern supervisory reporting, liquidity-risk limits and fair handling of investor subscriptions and redemptions.",EUR-Lex - 52021SC0340 - EN - EUR-Lex.pdf; FR13_22 Thematic Review on Liquidity Risk Management Recommendations.pdf; ESMA34-1985693317-1259_Final_Report_on_the_Draft_Regulatory_Technical_Standards_on_Liquidity_Management_Tools_under_the_AIFMD_and_UCITS_Directive.pdf,3.614978075027466,False,en,10.7,ok
40,Do we have performance assessment frameworks that incorporate sustainability objectives (ESG) for a credit institution?,"Yes. The excerpts support an ESG-integrated performance and risk-assessment framework for a credit institution. Institutions are expected to identify and measure ESG risks using multiple methodologies, integrate them into the regular risk-management framework, risk appetite, internal controls and ICAAP, and monitor them through internal reporting, including backward- and forward-looking ESG risk metrics and indicators. (Final Guidelines on the management of ESG risks.pdf, p.3; Circular 26_905.pdf, p.6)

The framework also incorporates forward-looking sustainability objectives through strategies, policies and transition planning over short-, medium- and long-term horizons, including at least 10 years. Institutions should promote awareness of their ESG strategic objectives and commitments, and the first line of defence should assess ESG risks during client onboarding, credit applications, credit reviews and ongoing monitoring. (Circular 26_905.pdf, pp.6, 33) The excerpts do not, however, specify a standalone ESG employee-performance appraisal or remuneration framework; they describe an ESG-integrated risk, strategy, monitoring and credit-assessment framework.",Final Guidelines on the management of ESG risks.pdf; Circular 26_905.pdf; Circular 26_905.pdf,4.635162830352783,False,en,8.9,ok
41,Quelles sont les travaux que le réviseur d'entreprises doit effectuer dans le cas d'une erreur de calcul de NAV selon la circulaire CSSF 24/856 (par type d'erreur) ?,"Selon la circulaire CSSF 24/856, les travaux du réviseur d’entreprises (REA) diffèrent selon la nature de l’erreur :

- **Non-respect actif des règles d’investissement de l’OPC** : le réviseur doit calculer les gains ou pertes subis par l’OPC du fait de la correction, déterminer les montants à verser à titre d’indemnisation, vérifier que la méthode de calcul de l’impact est cohérente avec la circulaire et les procédures internes applicables, vérifier le paiement effectif de l’indemnisation à l’OPC et déterminer si le non-respect a entraîné une erreur significative de calcul de la VNI. Il doit également effectuer, par sondage, des contrôles sur la classification correcte des cas de non-respect « passif ». (CSSF24_856eng.pdf, p.40-41)

- **Toute autre erreur, notamment une erreur de calcul de la VNI** : le réviseur doit, sur la base des impacts identifiés, déterminer les montants à indemniser à l’OPC et/ou aux investisseurs, vérifier que la méthode de calcul des gains et/ou pertes est appropriée au type d’erreur, puis vérifier le paiement effectif de l’indemnisation conformément à la section 7.2. (CSSF24_856eng.pdf, p.40-41)

Pour une **erreur significative de calcul de la VNI**, les VNI erronées doivent être corrigées sans délai et le préjudice doit être chiffré sur la base des VNI corrigées. L’impact doit notamment distinguer les investisseurs ayant été remboursés pendant la période d’erreur et ceux ayant souscrit pendant cette période sur la base d’une VNI erronée. (cssf24_856.pdf, p.20-21)",CSSF24_856eng.pdf; Circular CSSF 24_856.pdf; cssf24_856.pdf,6.442131519317627,False,fr,12.1,ok
42,Quelles sont les travaux que le réviseur d'entreprises doit effectuer dans le cas d'une fusion / transformation / apport en nature selon la norme XXXX (j'ai plus en tête toutes le normes) ?,Je n'ai pas trouvé cette information dans les documents fournis.,,-1.2415001392364502,False,fr,4.0,ok
43,Quels sont les changements de principes comptables dans les états financiers en cas de liquidation ?,"Dans le projet de révision de l’OIC 5, la disparition de la présomption de continuité d’exploitation modifie la logique d’évaluation : les actifs et passifs ne sont plus appréciés selon leur contribution à la génération de produits, mais selon leur réalisation ou leur extinction dans le cadre de la liquidation. Pour les sociétés sans poursuite d’activité, les actifs corporels et incorporels, les participations et les titres de créance sont évalués au plus bas entre leur valeur comptable au début de la liquidation et leur valeur de réalisation présumée déduite des tendances du marché. Les actifs corporels et incorporels ne sont plus amortis, et les titres de créance ne sont plus évalués au coût amorti. Les créances sont comptabilisées à leur valeur présumée de réalisation et les passifs à leur valeur présumée d’extinction ; le coût amorti et l’actualisation ne s’appliquent pas, sauf éléments certains affectant la valeur d’extinction, tels que pénalités ou escomptes. (OIC 5_ key operational changes - LEXIA.pdf, p.1)

Les charges de liquidation font également l’objet d’une approche plus prudente : des provisions ne sont constituées que pour les charges correspondant à une obligation inévitable de la société et qui ne sont pas nécessaires à l’achèvement de la liquidation. Les prévisions relatives à l’issue de la procédure ne sont plus intégrées dans une estimation prospective globale, mais présentées dans l’annexe, avec l’évolution attendue des encaissements et des paiements et l’appréciation de leur suffisance pour régler intégralement les obligations de la liquidation. (2024-04-09-Bozza-per-consultazione-Principio-contabile-OIC-5-Bilanci-di-Liquidazione-1.pdf, p.38-39)

Enfin, la distinction entre actif circulant et actif immobilisé perd sa pertinence en liquidation. Lorsqu’aucune poursuite d’activité, même provisoire ou limitée à certaines branches, n’est prévue, le projet impose des modèles spécifiques de bilan et de compte de résultat ainsi qu’un tableau des flux de trésorerie dédié. (2024-04-09-Bozza-per-consultazione-Principio-contabile-OIC-5-Bilanci-di-Liquidazione-1.pdf, p.38-39 ; OIC 5_ key operational changes - LEXIA.pdf, p.1)",2024-04-09-Bozza-per-consultazione-Principio-contabile-OIC-5-Bilanci-di-Liquidazione-1.pdf; OIC 5_ key operational changes - LEXIA.pdf; General framework and purpose of the OIC 5 draft - LEXIA.pdf,4.32791805267334,False,fr,11.9,ok
44,Quels sont les impacts de la nouvelle norme IFRS 18 ?,"La norme IFRS 18 modifie principalement la **présentation et les informations à fournir**, sans être censée modifier la manière dont les entreprises mesurent leur performance financière. Elle introduit cinq catégories de classement des produits et charges — **exploitation, investissement, financement, impôts sur le résultat et activités abandonnées** — ainsi que deux sous-totaux obligatoires : le **résultat opérationnel** et le **résultat avant financement et impôts sur le résultat**. Elle renforce également les règles d’agrégation, de désagrégation et de libellé des postes, afin d’améliorer la lisibilité et la comparabilité des états financiers. ( *IFRS 18_ what the new standard means for your financial reporting*, p. 2-3 ; *IFRS 18_ Introduction for Insurers*, p. 4-5)

Les entreprises devront aussi fournir des informations auditées sur les **mesures de performance définies par la direction** (« Management-Defined Performance Measures », MPM). La transition aura des conséquences pratiques importantes pour les équipes financières : analyse des impacts et des reclassements, correspondance entre les plans comptables et les nouvelles catégories IFRS 18, adaptation des ERP et des structures de gestion de la performance, renforcement des contrôles et évolution des communications internes et externes. Les principaux ratios financiers peuvent également être affectés, car leur calcul peut varier selon la présentation retenue sous IFRS 18 ; l’effet dépendra notamment du ratio et du profil de l’utilisateur des états financiers. ( *IFRS 18_ what the new standard means for your financial reporting*, p. 2-3 ; *IFRS 18 Presentation and Disclosure in Financial Statements - CBS Research Portal*, p. 1-2 ; *IFRS 18_ Introduction for Insurers*, p. 4-5)",IFRS 18_ what the new standard means for your financial reporting _ Wolters Kluwer.pdf; IFRS 18_ Introduction for Insurers.pdf; IFRS 18 Presentation and Disclosure in Financial Statements - CBS Research Portal.pdf,9.617030143737793,False,fr,8.9,ok
45,What are the ICT governance requirements for Luxembourg-supervised entities?,"Luxembourg-supervised financial entities within the scope of DORA must implement governance arrangements for ICT third-party services. DORA has applied to CSSF-supervised financial entities in scope since 17 January 2025. Circular CSSF 25/882 provides practical instructions for submitting information and reporting on ICT third-party providers, and recalls general requirements for the use of third-party ICT services, taking account of Luxembourg national financial-services laws. (cssf25_882eng.pdf, pp. 1–2)

ICT governance must be designed in the context of the entity’s business model as a whole, with due regard to activities regulated under the LFS, the LPS, or other national laws granting supervisory competence to the CSSF. This applies in particular when entities perform ICT outsourcing, and the circular also covers specified Luxembourg entities such as Article 125-1 UCITS management companies and Luxembourg branches of certain third-country institutions. (Circular CSSF 22_806.pdf, p. 10) Governance arrangements must be proportionate to factors including the volume and complexity of operations, the entity’s size, staffing, group structure, outsourcing and ICT concentration risks, and the architecture and continuity of IT systems. The proportionality assessment must be documented in writing and approved by the supervisory body at least annually. (cssf26_906eng.pdf, pp. 6–7) For institutions covered by the relevant requirements, arrangements must also support full compliance with the applicable governance and risk-management provisions, and central administration—including the decision-making and administrative centres—must be located in Luxembourg, rather than having only a Luxembourg registered office. (cssf26_906eng.pdf, p. 7)",cssf25_882eng.pdf; Circular CSSF 22_806.pdf; cssf26_906eng.pdf,5.322879314422607,False,en,11.6,ok
46,What are the draft RTS on Customer Due Diligence?,"The draft RTS on Customer Due Diligence (CDD) are intended to specify:

- the CDD requirements and information to be collected for **simplified, standard and enhanced due diligence**;
- the types of simplified due diligence measures that may be applied;
- the risk factors associated with features of electronic money;
- reliable and independent sources for verifying identification data; and
- the attributes that electronic identification methods and qualified trust services must have to meet identification and verification requirements.  
(“AMLA Public Hearing - Draft RTS under Article 28(1) AMLR.pdf,” pp. 9–11)

The draft was initially developed by the EBA and subsequently reviewed by AMLA, including in light of input concerning the non-financial sector. AMLA’s stated principles are a high level of harmonisation, preservation and promotion of a risk-based approach, and proportionality. (“AMLA Public Hearing - Draft RTS under Article 28(1) AMLR.pdf,” pp. 9–10) Compared with the earlier EBA draft, the revised CDD RTS notably address the **power of representation**: recital 12 refers to provisions requiring obliged entities to collect information to verify the existence and scope of a person’s authority to act for the customer. Article 16 concerns identification and verification of that person, while Article 22 AMLR concerns the identity of customers and beneficial owners. (“2026 AML_CFT Consultations - Unpacking AMLA's New Draft RTS_ Key Takeaways for the Financial and Non‑Financial Sectors_br__ _ Herbert Smith Freehills Kramer _ Global law firm.pdf,” pp. 1–2, 4)",2026 AML_CFT Consultations - Unpacking AMLA's New Draft RTS_ Key Takeaways for the Financial and Non‑Financial Sectors_br__ _ Herbert Smith Freehills Kramer _ Global law firm.pdf; 2026 AML_CFT Consultations - Unpacking AMLA's New Draft RTS_ Key Takeaways for the Financial and Non‑Financial Sectors_br__ _ Herbert Smith Freehills Kramer _ Global law firm.pdf; AMLA Public Hearing - Draft RTS under Article 28(1) AMLR.pdf,10.136493682861328,False,en,9.5,ok
47,What are the ECB's supervisory priorities?,"The ECB’s supervisory priorities for 2026–2028 are to:

- **Strengthen banks’ resilience to geopolitical risks and macro-financial uncertainties**, including geopolitical tensions, trade fragmentation, climate- and nature-related risks, demographic change and rapid technological transformation. (Supervisory Priorities for 2026 - 2028 _ Management Solutions.pdf, p.1)
- **Strengthen operational resilience and ICT capabilities**, including the management of operational, IT-outsourcing and cybersecurity risks. (Supervisory Priorities for 2026 - 2028 _ Management Solutions.pdf, p.1; ECB Banking Supervision_ SSM supervisory priorities for 2024-2026.pdf, p.3)
- **Advance digital transformation**, with robust digital and particularly AI-related strategies supported by appropriate governance and risk-management frameworks. (Supervisory Priorities 2026-28.pdf, pp.2–3)

The ECB will address these priorities through targeted supervisory work programmes, while continuing regular supervision, follow-up work on past priorities and proportionate application of the priorities to less significant institutions. (Supervisory Priorities 2026-28.pdf, pp.2–3)",Supervisory Priorities for 2026 - 2028 _ Management Solutions.pdf; Supervisory priorities 2026-28.pdf; ECB Banking Supervision_ SSM supervisory priorities for 2024-2026.pdf,10.686593055725098,False,en,10.0,ok
48,What are the draft RTS on Customer Due Diligence?,"The draft Regulatory Technical Standards (RTS) on Customer Due Diligence (CDD) set out requirements for, and information to be collected during, simplified, standard and enhanced due diligence. They also specify: the types of simplified due diligence measures permitted; risk factors linked to features of electronic money; reliable and independent information sources for verifying identification data; and the attributes that electronic identification methods and qualified trust services must have to meet identification and verification requirements. The RTS are intended to ensure a high level of harmonisation while preserving a risk-based and proportionate approach. *(AMLA Public Hearing - Draft RTS under Article 28(1) AMLR.pdf, pp. 9–11)*

Compared with the earlier EBA draft, the revised draft includes a new recital addressing powers of representation and provisions on the information obliged entities must collect to verify the existence and scope of a representative’s authority. Article 16 of the draft RTS covers identification and verification of a person claiming to act on behalf of a customer, while Article 22 AMLR covers identification and verification of customers and beneficial owners. *(2026 AML_CFT Consultations - Unpacking AMLA's New Draft RTS_ Key Takeaways for the Financial and Non‑Financial Sectors_br__ _ Herbert Smith Freehills Kramer _ Global law firm.pdf, pp. 1–2, 4)* The framework also applies a risk-based frequency for updating customer information: no more than one year for higher-risk customers and no more than five years for other customers. *(2026 AML_CFT Consultations - Unpacking AMLA's New Draft RTS_ Key Takeaways for the Financial and Non‑Financial Sectors_br__ _ Herbert Smith Freehills Kramer _ Global law firm.pdf, p. 4)*",2026 AML_CFT Consultations - Unpacking AMLA's New Draft RTS_ Key Takeaways for the Financial and Non‑Financial Sectors_br__ _ Herbert Smith Freehills Kramer _ Global law firm.pdf; 2026 AML_CFT Consultations - Unpacking AMLA's New Draft RTS_ Key Takeaways for the Financial and Non‑Financial Sectors_br__ _ Herbert Smith Freehills Kramer _ Global law firm.pdf; AMLA Public Hearing - Draft RTS under Article 28(1) AMLR.pdf,10.136493682861328,False,en,9.9,ok
49,What are the key provisions of Delegated Regulation (EU) 2017/565?,"Commission Delegated Regulation (EU) 2017/565 supplements Directive 2014/65/EU by setting detailed **organisational requirements and operating conditions for investment firms**, and by defining terms used for that Directive. It forms part of the EU regulatory framework for investment services and activities, including ancillary services where relevant. The framework also covers organisational requirements for investment firms, regulated markets and data-reporting services providers, as well as transaction-reporting requirements for financial instruments. (Delegated regulation - 2017_565 - EN - EUR-Lex.pdf, pp.1, 5)

The key organisational areas identified in the MiFID II framework include **general organisational requirements, risk management and conflicts of interest**. The related product-governance framework covers manufacturers’ and distributors’ duties to define and review the target market. Subsequent proposed amendments also addressed the integration of sustainability risks, ESG considerations and ESG preferences into relevant MiFID II provisions. (esma35-43-1737_final_report_on_integrating_sustainability_risks_and_factors_in_the_mifid_ii.pdf, pp.24–25) The Regulation entered into force following its publication and applied from 3 January 2018; the EUR-Lex record indicates that it has since been amended and that the consolidated version was current as of 2 August 2022. (Delegated regulation - 2017_565 - EN - EUR-Lex.pdf, p.1)",Delegated regulation - 2017_565 - EN - EUR-Lex.pdf; Delegated regulation - 2017_565 - EN - EUR-Lex.pdf; esma35-43-1737_final_report_on_integrating_sustainability_risks_and_factors_in_the_mifid_ii.pdf,7.9978928565979,False,en,10.5,ok
50,What are the ESMA guidelines on suitability?,"ESMA’s suitability guidelines aim to improve clarity and promote convergence in how suitability requirements are implemented. Under the MiFID suitability framework, when an investment firm provides investment advice or portfolio management, it must ensure that each transaction recommended—or entered into for portfolio management—is suitable for the particular client or prospective client. The suitability guidance is divided into general and supporting guidelines and addresses only certain aspects of MiFID. (cssf07_307eng.pdf, pp.100–101)

For crypto-assets, ESMA’s guidelines apply to the suitability requirements under Article 81 of MiCA and to the format of periodic statements for crypto-asset portfolio management. A “suitability assessment” is the complete process of collecting client information and assessing whether a crypto-asset is suitable, based on the crypto-asset service provider’s sound understanding of the crypto-assets it may recommend or invest in for the client. These guidelines apply 60 calendar days after publication on ESMA’s website in all official EU languages. (ESMA35-1872330276-2031_Guidelines_on_suitability_and_periodic_statement_MiCA.pdf, pp.5–6)

The guidelines are addressed to competent authorities under ESMA’s “comply or explain” framework and also to financial-market participants, although participants are not required to report whether they comply with the guidelines. (cssf07_307eng.pdf, p.100)",cssf07_307eng.pdf; ESMA35-1872330276-2031_Guidelines_on_suitability_and_periodic_statement_MiCA.pdf; cssf07_307eng.pdf,7.889927387237549,False,en,8.3,ok
51,What is ESMA's supervisory briefing on outsourcing?,"ESMA’s outsourcing supervisory guidance in the excerpts is the **Guidelines on Outsourcing to Cloud Service Providers**. They are intended to help firms and competent authorities identify, address and monitor risks throughout the cloud-outsourcing lifecycle: deciding whether to outsource, selecting a cloud service provider, overseeing the outsourced activities, and establishing exit strategies. (ESMA65-294529287-4737_Guidelines_on_outsourcing_to_cloud_service_providers.pdf, p.7)

The guidelines expect competent authorities and firms to make every effort to comply. Competent authorities should incorporate them into their national legal or supervisory frameworks where appropriate and use supervision to ensure that firms comply. They must notify ESMA within two months of publication in all EU official languages whether they comply, intend to comply, or do not intend to comply; where they do not comply, they must also provide reasons. Firms themselves are not required to report their compliance status to ESMA. (ESMA65-294529287-4737_Guidelines_on_outsourcing_to_cloud_service_providers.pdf, pp.7–8)",gfma-response-iosco-principles_on_outsourcing_cp-30-oct-2020-final.pdf; Neo-conglomerates and EU regulatory perimeter challenges – state of play and evaluation of policy options.pdf; ESMA65-294529287-4737_Guidelines_on_outsourcing_to_cloud_service_providers.pdf,4.122573375701904,False,en,8.9,ok
52,What are the current consultation proposals for the AIFMD review?,"The excerpts indicate that the AIFMD review is pursuing **targeted improvements**, rather than a wholesale redesign, because the framework has generally achieved its objectives. The main identified proposal area is to improve the **quality, completeness and detail of data reported to supervisors**, so that financial-stability risks and their potential spillovers can be monitored and managed more effectively. (52021SC0340, p.13–14)

The review also considers developments requiring further policy work, including **loan-originating funds, liquidity-management tools, delegation by fund managers and improved reporting data**. In addition, proposals concerning the treatment of **central securities depositories (CSDs) as delegates of depositaries** under the AIFMD should be extended to the UCITS framework. (52021SC0340, p.95–96; 52021SC0340, p.13–14) The excerpts describe the consultation as seeking stakeholder views on achieving a more effective and efficient EU AIF market; they do not set out a complete list of final legislative proposals. (52021SC0340, p.140–141)",EUR-Lex - 52021SC0340 - EN - EUR-Lex.pdf; EUR-Lex - 52021SC0340 - EN - EUR-Lex.pdf; EUR-Lex - 52021SC0340 - EN - EUR-Lex.pdf,4.625059604644775,False,en,7.6,ok
53,What are the requirements for a merger under the Luxembourg law on securitisation?,"The excerpts indicate that a Luxembourg securitisation company may merge under the **simplified merger procedure referred to in Articles 278 to 280 of the Company Law**. The merger is documented through formal “Terms of Merger” or a merger proposal approved by the companies’ boards of directors. (C-N° 1938 _ 31 juillet 2015.pdf, pp.2–4)

The merger may involve the transfer to the absorbing company of **all assets, liabilities, rights, obligations and contracts**, without exception or reservation. The merger proposal must be published, and the documents required by **Article 267 of the 1915 Law** must be deposited at the registered office of the merging company **one month before the general meetings**; the relevant reports are to be annexed to the deed. The shareholders must then approve the merger proposal. (C-N° 59 _ 12 janvier 2009.pdf, p.29) The excerpts do not set out additional requirements specific to securitisation companies beyond these merger formalities.",C-N° 1938 _ 31 juillet 2015.pdf; C-N° 1938 _ 31 juillet 2015.pdf; C-N° 59 _ 12 janvier 2009.pdf,3.477403402328491,False,en,7.8,ok
54,What is the topic of the latest discussion paper on sustainability?,"The discussion paper concerns **integrating sustainability risks and factors into the financial regulatory framework**, particularly in relation to MiFID II, the UCITS Directive and AIFMD. It considers how firms should account for sustainability risks and factors through a flexible, principles-based approach, while seeking consistency across financial sectors. (esma35-43-1737_final_report_on_integrating_sustainability_risks_and_factors_in_the_mifid_ii.pdf, p.13; esma34-45-688_final_report_on_integrating_sustainability_risks_and_factors_in_the_ucits_directive_and_the_aifmd.pdf, pp.4–5)

It also addresses stakeholder feedback on coordinating European approaches and raising awareness among global regulators, since sustainability is viewed as a global issue. (esma34-45-688_final_report_on_integrating_sustainability_risks_and_factors_in_the_ucits_directive_and_the_aifmd.pdf, pp.28–29)",esma35-43-1737_final_report_on_integrating_sustainability_risks_and_factors_in_the_mifid_ii.pdf; esma34-45-688_final_report_on_integrating_sustainability_risks_and_factors_in_the_ucits_directive_and_the_aifmd.pdf; esma34-45-688_final_report_on_integrating_sustainability_risks_and_factors_in_the_ucits_directive_and_the_aifmd.pdf,2.0878944396972656,False,en,7.2,ok
55,How does ESMA's Q&A on MiFID II treat best execution?,"The Q&A presents best execution as a broad, overarching obligation. Investment firms must take **all reasonable steps to obtain the best possible result for clients**, considering price, costs, speed, likelihood of execution and settlement, order size, nature, and any other consideration relevant to execution. The requirement applies to firms executing orders or decisions to deal, including firms transmitting or placing orders with other entities for execution. It sets a high-level standard and gives firms considerable flexibility, while still requiring compliance with specific provisions. (cssf07_307eng.pdf, p.59)

The Q&A identifies the relevant provisions as Article 21 of Level 1, Articles 44 and 46 of Level 2, and, indirectly for portfolio-management decisions, Article 45(7). It expressly does **not** address the scope of best execution under MiFID or how it applies in dealer markets. The Commission’s response is appended to the Q&A but is not part of the Q&A itself; CESR nevertheless considered that the response provided a sufficient basis for implementation and that no further work was needed at that time, while leaving open the possibility of reviewing application of the requirements in future. (cssf07_307eng.pdf, p.58-59)",cssf07_307eng.pdf; cssf07_307eng.pdf; Delegate Due Diligence.pdf,8.427492141723633,False,en,9.6,ok
56,what is the procedure of submitting a parliamentary question,"The excerpts do not specify the formal procedure for submitting a parliamentary question—such as the required form, recipient, deadlines, or admissibility conditions. They only indicate that Members of Parliament may question ministers during parliamentary question time, while most parliamentary questions are submitted **in writing**. (Parliamentary questions_ why, why, why_ _ woxx.pdf, pp. 1–2)

The parliamentary rules excerpt concerns **preliminary procedural questions** during parliamentary proceedings, not the submission of ordinary parliamentary questions to ministers. Therefore, the specific submission procedure is not found in the documents provided.","Parliamentary questions_ why, why, why_ _ woxx.pdf; Règlement CHD-22032023_0.pdf; 3d430294-5171-455c-b565-a86fc5f3cb1c_en.pdf",-0.5969295501708984,False,en,7.8,ok
57,what are the customer due diligence requirements under the AMLR?,"Under the AMLR, customer due diligence (CDD) is to be harmonised through AMLA standards covering **standard, simplified and enhanced due diligence**. Obliged entities must collect the minimum information specified for each type of CDD, with simplified measures tailored to lower-risk sectors, products and situations. The requirements also cover the risk factors for exemptions relating to low-value electronic-money instruments. (AMLA Level 2 Package_ 23 RTS, ITS and Guidelines Due July 10, 2026 _ financialregulations.eu.pdf, pp. 2–3; Consultation-Paper-on-Response-to-Call-for-Advice-new-AMLA-mandates.pdf, p. 11)

CDD must include the **identification and verification of customers and beneficial owners**, as well as identification and verification of anyone purporting to act on behalf of the customer. Verification may use reliable and independent information sources; remote verification may use electronic identification means meeting the applicable “substantial” or “high” assurance levels under Regulation (EU) 910/2014 and relevant qualified trust services. The RTS will also specify the attributes that electronic identification means and qualified trust services must have for CDD purposes. (2026 AML_CFT Consultations - Unpacking AMLA's New Draft RTS_ Key Takeaways for the Financial and Non‑Financial Sectors_br__ _ Herbert Smith Freehills Kramer _ Global law firm.pdf, p. 4; Consultation-Paper-on-Response-to-Call-for-Advice-new-AMLA-mandates.pdf, p. 11)

Customer information and documents must be kept up to date on a risk-sensitive basis: for higher-risk customers, the interval between updates must not exceed one year; for other customers, it must not exceed five years. The harmonised CDD requirements establish an EU minimum, while competent authorities or AMLA may impose additional requirements for particular risk categories. (2026 AML_CFT Consultations - Unpacking AMLA's New Draft RTS_ Key Takeaways for the Financial and Non‑Financial Sectors_br__ _ Herbert Smith Freehills Kramer _ Global law firm.pdf, p. 4; AMLA Level 2 Package_ 23 RTS, ITS and Guidelines Due July 10, 2026 _ financialregulations.eu.pdf, pp. 2–3)","Consultation-Paper-on-Response-to-Call-for-Advice-new-AMLA-mandates.pdf; 2026 AML_CFT Consultations - Unpacking AMLA's New Draft RTS_ Key Takeaways for the Financial and Non‑Financial Sectors_br__ _ Herbert Smith Freehills Kramer _ Global law firm.pdf; AMLA Level 2 Package_ 23 RTS, ITS and Guidelines Due July 10, 2026 _ financialregulations.eu.pdf",7.686163425445557,False,en,10.0,ok
58,what are the triggers for enhanced due diligence (EDD)?,"Enhanced due diligence (EDD) is triggered when the risk associated with a business relationship or occasional transaction increases. This includes relationships or transactions involving **high-risk third countries** and other **high-risk customers or accounts**. A material change in the customer’s profile or other information affecting the risk assessment should also prompt a review and, where appropriate, updated EDD. (EBA GL 2021 02 - consolidated (amended by EBA GL 2023 03)_EN.docx.pdf, pp. 58–59, 79–80)

EDD is also indicated where there are doubts about the legitimate origin of a customer’s funds or wealth, particularly where the risk is particularly high. In addition, accounts that have previously been blocked may require EDD to reassess their risk profile before unblocking. (EBA GL 2021 02 - consolidated (amended by EBA GL 2023 03)_EN.docx.pdf, p. 79; What Is a Blocked Account in Anti‑Money Laundering_.pdf, p. 6)",What Is a Blocked Account in Anti‑Money Laundering_.pdf; EBA GL 2021 02 - consolidated (amended by EBA GL 2023 03)_EN.docx.pdf; EBA GL 2021 02 - consolidated (amended by EBA GL 2023 03)_EN.docx.pdf,0.72182697057724,False,en,6.7,ok
59,what is the difference between policy and a procedure under cssf rules?,"Under CSSF rules, a **policy** sets out the framework for implementation: it contains the detailed measures, principles, responsibilities and processes that govern how the institution should operate. For example, an outsourcing policy must define the main lifecycle phases and the relevant principles, responsibilities and processes. (cssf20_758eng.pdf, p.25-26; Circular CSSF 22_806.pdf, p.24)

A **procedure** explains **how the policy is put into practice**. CSSF describes procedures as the work instructions governing implementation. The term is broad and includes the measures, instructions and rules governing the organisation and internal functioning of the institution. (cssf20_758eng.pdf, p.25-26)

In short: **policy = what must be achieved and the governing framework; procedure = the operational instructions for achieving it.**","cssf20_758eng.pdf; UCI Reports foreseen by Circular CSSF 21_790 for year-ends 31 January 2025, 28 February 2025 and 31 March 2025 now available in eDesk and information on main updates – CSSF.pdf; Circular CSSF 22_806.pdf",1.3500072956085205,False,en,5.9,ok
60,what would be the frequency of compliance monitoring reviews,"Compliance monitoring reviews should be conducted **regularly, typically at least annually**, through an independent internal or external compliance review. The frequency should be proportionate to the firm’s ML/TF risks and should include checking CDD documentation and the effectiveness of internal controls (RISK-BASED APPROACH GUIDANCE FOR LEGAL PROFESSIONALS.pdf, pp. 53–54).

For IRRBB monitoring, the excerpts do not prescribe a fixed interval: monitoring and reporting should occur at an **appropriate frequency depending on the scale, complexity, and level of exposures**, while internal-audit reviews should be sufficiently frequent to cover the main elements of the framework (Final Report on revised SREP and supervisory stress testing Guidelines.pdf, p. 107).",Final Report on revised SREP and supervisory stress testing Guidelines.pdf; FATF-Assessment-Methodology-2022.pdf; RISK-BASED APPROACH GUIDANCE FOR LEGAL PROFESSIONALS.pdf,0.34705105423927307,False,en,5.3,ok
61,what are the record-keeping requirement of AML/CFT?,"AML/CFT record-keeping requirements include maintaining records of all necessary domestic and international transactions for at least five years after completion. Transaction records must be detailed enough to reconstruct individual transactions and, where necessary, provide evidence for the prosecution of criminal activity. (FATF Methodology 22 Feb 2013.pdf.coredownload.inline.pdf, p.50)

Firms must also retain CDD information, account files, business correspondence, and the results of analyses for at least five years after the business relationship ends or, for an occasional transaction, after the transaction date. These records must be made available swiftly to domestic competent authorities when properly authorised. (FATF Methodology 22 Feb 2013.pdf.coredownload.inline.pdf, p.50) In addition, firms must keep records of CDD information, their risk assessments, and transactions, and ensure that the records demonstrate to the competent authority that their AML/CFT measures are adequate in light of the ML/TF risk. (EBA GL 2021 02 - consolidated (amended by EBA GL 2023 03)_EN.docx.pdf, p.43)",FATF Methodology 22 Feb 2013.pdf.coredownload.inline.pdf; EBA GL 2021 02 - consolidated (amended by EBA GL 2023 03)_EN.docx.pdf; FATF-Assessment-Methodology-2022.pdf,5.676935195922852,False,en,7.1,ok
62,what is the differnece between suspicion and confirmed violation,I could not find this information in the documents provided.,,-2.724999189376831,False,en,3.1,ok
63,what is the difference between suspicion and confirmed violation,I could not find this information in the documents provided.,,-2.3685386180877686,False,en,3.3,ok
64,what are the requirements for staff AML/CFT training?,"Legal professionals must provide staff with AML/CFT training under **R.18**, and firms should implement a **documented programme of ongoing staff AML/CFT awareness and training**. Training should be firm-wide for all relevant personnel and cover, at a minimum, general information on applicable AML/CFT laws, regulations, and the firm’s internal policies. Firms should also maintain staff awareness of suspicious transaction reporting (STR) filing requirements. (RISK-BASED APPROACH GUIDANCE FOR LEGAL PROFESSIONALS.pdf, pp. 53–54)

Training must be risk- and role-based. Staff working with higher-risk clients or higher-risk matters should receive enhanced, targeted training, and content should reflect their AML/CFT responsibilities—for example, false-document training for personnel conducting identification and verification, and red-flag training for those performing client or transaction risk assessments. Training may be delivered in various practical formats, including group study, guidance or policy briefings, email updates, and fact-based or hypothetical case studies. Staff should also understand how AML/CFT requirements interact with legal professional privilege and professional secrecy, including when those protections apply and when they do not. (RISK-BASED APPROACH GUIDANCE FOR LEGAL PROFESSIONALS.pdf, pp. 54–55)",RISK-BASED APPROACH GUIDANCE FOR LEGAL PROFESSIONALS.pdf; RISK-BASED APPROACH GUIDANCE FOR LEGAL PROFESSIONALS.pdf; RISK-BASED APPROACH GUIDANCE FOR LEGAL PROFESSIONALS.pdf,8.668351173400879,False,en,8.3,ok
65,what are the requirements for the compliance function's reporting lines?,"The compliance charter must define the compliance function’s reporting lines, including the Chief Compliance Officer’s responsibilities and reporting arrangements. It must also describe the function’s relationships with the risk-control and internal-audit functions, including any delegation or coordination arrangements. (cssf26_906eng.pdf, p.34–35; cssf20_758eng.pdf, p.48)

The Chief Compliance Officer must have the right to contact the chairperson of the supervisory body or, where applicable, the relevant specialised committee directly and on their own initiative, as well as the CSSF. Under the terminology used in the earlier excerpt, this means direct access to the chairperson of the Board of Directors, the audit or compliance committee, and the CSSF. (cssf26_906eng.pdf, p.35; cssf20_758eng.pdf, p.48)",cssf26_906eng.pdf; cssf20_758eng.pdf; 210301_eba_orientations_gl_2023_03_en.pdf,4.284764289855957,False,en,7.8,ok
66,what are the requirements for outsourcing critical functions?,"For outsourcing a critical or important operational function, the undertaking must:

- Determine whether the arrangement constitutes outsourcing and, if so, whether the function is critical or important. For critical or important functions, it must conduct a detailed risk assessment of the function and detailed due diligence on the service provider. Cloud outsourcing must be integrated into the undertaking’s overall outsourcing process and governance. (8b80b926-ad14-48fc-9618-325234845d03_en.pdf, p.69)
- Define the roles and responsibilities of the relevant functions, including the AMSB and the ICT, information security, compliance, risk management and internal audit functions. It must also establish approval, implementation, monitoring, management and renewal processes and reporting procedures. (8b80b926-ad14-48fc-9618-325234845d03_en.pdf, pp.15–16)
- Maintain proportionate oversight, including recurring risk assessments and provider due diligence, monitoring and management controls such as verification of the service-level agreement, and appropriate security standards and controls. The arrangement must address the applicable contractual requirements referred to in Guideline 10. (8b80b926-ad14-48fc-9618-325234845d03_en.pdf, pp.15–16)
- Meet documentation requirements and provide written notification to the supervisory authority regarding cloud outsourcing of critical or important operational functions or activities. Each such arrangement must also have a documented and, where appropriate, sufficiently tested exit strategy proportionate to the risks, covering possible discontinuation, reintegration or transfer of the services. (c53462d9-ee1b-4aeb-8706-22852508b7c5_en.pdf, pp.5–6)

More generally, the undertaking should identify, measure, monitor, manage and report risks arising from third-party arrangements, whether or not the provider is a cloud service provider. Less material outsourcing also requires risk assessment and due diligence, but the requirements for critical or important functions are the more detailed ones described above. (8b80b926-ad14-48fc-9618-325234845d03_en.pdf, p.69)",8b80b926-ad14-48fc-9618-325234845d03_en.pdf; 8b80b926-ad14-48fc-9618-325234845d03_en.pdf; c53462d9-ee1b-4aeb-8706-22852508b7c5_en.pdf,7.882717609405518,False,en,15.7,ok
67,what are the requirements for the internal audit function?,"The internal audit function must be staffed by persons with sufficient knowledge of audit techniques. It must remain independent and objective: internal auditors must not be responsible for preparing or establishing the institution’s central administration or internal governance arrangements, although they may contribute opinions and recommendations on sound internal controls. Conflicts of interest must be avoided, including through rotation of control assignments where possible and by not auditing activities or functions that auditors recently performed themselves. The risk management and compliance functions may not form part of internal audit. (cssf20_758eng.pdf, p.52; cssf26_906eng.pdf, p.42)

The function’s objectives, responsibilities and powers must be set out in an internal audit charter, drafted by internal audit and approved by authorised management, confirmed where appropriate by the audit committee, and ultimately approved by the Board of Directors. The charter must cover the function’s organisational position and key characteristics; its authority to review all institutional activities—including branches, subsidiaries and outsourced activities—and access relevant documents, records and personnel; reporting lines; relationships with compliance and risk control; use of third parties; consulting and special assignments; the head of internal audit’s responsibilities and reporting lines; and the Chief Internal Auditor’s direct right to contact the Board chair, audit committee members where applicable, and the CSSF. (cssf20_758eng.pdf, p.51)

Its scope must include, at a minimum according to the institution’s organisation and the nature, scale and complexity of its activities, assessing compliance with laws, regulations and CSSF prudential requirements; the effectiveness and efficiency of central administration, governance and internal controls, including risk control and compliance; the adequacy of administrative, accounting and IT organisation; safeguarding of values and assets; and segregation of duties and transaction execution. (cssf20_758eng.pdf, p.52) If operational tasks are outsourced, the external provider must work under the institution’s internal audit plan and work programme, document its work in detail, and prepare a report for each mission for submission to the management body, audit committee where applicable, and supervisory body. Where the provider is an approved statutory auditor, it must be independent of the institution’s statutory auditor and approved statutory audit firm. (cssf26_906eng.pdf, p.42–43)",cssf20_758eng.pdf; cssf20_758eng.pdf; cssf26_906eng.pdf,8.937804222106934,False,en,20.3,ok
68,what are the requirements for conflict for interest management?,"The institution must maintain a conflict-of-interest management policy covering all conflicts arising from economic, personal, professional, or political purposes, whether ongoing or linked to a single event. The policy must apply to all staff, members of the management body, and members of the supervisory body, with particular attention to conflicts involving related parties and service providers. (cssf26_906eng.pdf, p.43)

The policy and procedures must require all actual and potential conflicts to be identified, assessed, managed, and either mitigated or avoided. They must identify the main sources of conflicts, the affected relationships and activities, and all internal and external parties involved, including relevant situations from the recent past that may still have an impact. The institution must assess the materiality of conflicts and determine how they are to be managed. Any remaining conflicts must be reported, documented, and managed to prevent unjustified consequences for the institution, its counterparties, or payment service users. Procedures must also address non-compliance with the policy. (cssf26_906eng.pdf, pp.43–44)

The institution must minimise conflicts through appropriate segregation of duties and activities, including controls over information access and the use of “Chinese walls.” It must also establish declaration, reporting, and escalation procedures. Staff must promptly and proactively inform their hierarchical superior of a conflict; management- and supervisory-body members must inform the relevant body. Persons conflicted, or unable to decide with full objectivity and independence, must abstain from the relevant decision-making. Internal control functions are responsible for identifying and managing conflicts of interest. (cssf26_906eng.pdf, p.44; cssf20_758eng.pdf, p.57)

For related-party transactions that may have a significant negative impact on the institution’s risk profile, whether individually or in aggregate, approval by the Board of Directors is required. (cssf20_758eng.pdf, p.57)",cssf26_906eng.pdf; cssf20_758eng.pdf; cssf26_906eng.pdf,9.12308120727539,False,en,13.6,ok
69,what are the requirements for client asset segregation,"Client assets must be adequately segregated and protected from the CASP’s proprietary assets. A CASP should place client assets in trust or otherwise segregate them, safeguard clients’ ownership rights, and prevent using client funds for its own account. Where appropriate, independent custodians or depositories should be used, particularly to reduce risks arising from the CASP’s insolvency. (FR_13_2025 Thematic Review Assessing the Implementation of IOSCO Recommendations for Crypto and Digital Asset Markets.pdf, pp. 52–53; Resolution on IOSCO Objectives and Principles of Securities Regulation and Methodology for Assessing Implementation of the IOSCO Objectives and Principles of Securities Regulation.pdf, p. 178; FR_13_2025 Thematic Review Assessing the Implementation of IOSCO Recommendations for Crypto and Digital Asset Markets.pdf, pp. 73–74)

The CASP must also maintain effective procedures to protect client assets against theft, fraud and other misappropriation. The excerpts give additional safeguards, including holding client assets on trust through a wholly owned associated entity, storing 98% of client crypto-assets in cold storage except where the regulator permits otherwise, and maintaining regulator-approved insurance or compensation arrangements covering specified potential losses. Clients must receive clear information about how assets and private keys are held, the use of independent, related-party or sub-custodians, any pooling or aggregation of assets and its risks, and risks connected with moving assets, including through a cross-chain bridge. (FR_13_2025 Thematic Review Assessing the Implementation of IOSCO Recommendations for Crypto and Digital Asset Markets.pdf, pp. 52–53, 73–74)",FR_13_2025 Thematic Review Assessing the Implementation of IOSCO Recommendations for Crypto and Digital Asset Markets.pdf; Resolution on IOSCO Objectives and Principles of Securities Regulation and Methodology for Assessing Implementation of the IOSCO Objectives and Principles of Securities Regulation.pdf; FR_13_2025 Thematic Review Assessing the Implementation of IOSCO Recommendations for Crypto and Digital Asset Markets.pdf,6.159355640411377,False,en,17.3,ok
70,what are the requirement for internal models for credit risk?,"For credit risk, “internal models” means **IRB rating systems**. The excerpts require that:

- Each model be documented sufficiently for a qualified third party to understand and independently replicate its development and implementation. Documentation must cover the methodology and assumptions, data processes, user instructions, and performance and validation—including implementation-testing results. (ECB guide to internal models.pdf, pp. 9–10)
- The institution maintain a model register and documentation inventory. For each model, the register should record the owner(s), scope of application, materiality, approval date, use restrictions, key weaknesses, major changes and version history; third-party models must also be included. The register and inventory must be subject to adequate controls and an annual review. (ECB guide to internal models.pdf, pp. 9–10)
- A model risk management framework be in place, including a written policy, model-risk governance arrangements, a comprehensive model register, and guidelines for identifying and mitigating measurement uncertainty and model deficiencies according to their materiality. This must consider qualitative risks such as data deficiencies, model misuse and implementation errors. (ECB guide to internal models.pdf, pp. 11–12)
- Where external data are used for risk differentiation, risk quantification or review of estimates, the institution must know the data sources and the key processing applied to direct model-input variables, distinguish and document internal versus external data, and justify any modification of external data, selection of only part of a database, or use of a different provider. (ECB guide to internal models.pdf, pp. 101–102)

The excerpt also notes that using external bureau scores or ratings—especially as major inputs—may cause the model to omit relevant information, but it does not provide the specific mitigating principles in the supplied text. (ECB guide to internal models.pdf, p. 102)",ECB guide to internal models.pdf; ECB guide to internal models.pdf; ECB guide to internal models.pdf,8.615017890930176,False,en,18.6,ok
71,what are the ECB'S supervisory priorities for 2026-28?,"The ECB’s supervisory priorities for 2026–28 are:

1. **Strengthening banks’ resilience to geopolitical risks and macro-financial uncertainties.** Banks are expected to apply prudent risk-taking and sound credit standards, implement **CRR III** consistently, and manage climate- and nature-related risks prudently. (ECB Annual Report on supervisory activities 2025.pdf, p.39)

2. **Strengthening operational resilience and ICT capabilities.** This includes complying with the new **DORA** requirements and promptly remedying deficiencies in risk-reporting capabilities and related information systems. (ECB Annual Report on supervisory activities 2025.pdf, p.39)

Under the second priority, the ECB is also developing a medium- to long-term supervisory focus on banks’ digital and AI-related strategies, governance and risk-management frameworks, including the structural trends and risk drivers that may shape the future of banking. (ECB Annual Report on supervisory activities 2025.pdf, p.39; Supervisory Priorities for 2026 - 2028 _ Management Solutions.pdf, p.1)

These priorities are based on the latest SREP results and are intended to address the sector’s main structural vulnerabilities while supporting consistent supervisory planning and resource allocation. (Supervisory Priorities for 2026 - 2028 _ Management Solutions.pdf, p.1; Supervisory priorities 2026-28.pdf, p.2-3)",ECB Annual Report on supervisory activities 2025.pdf; Supervisory Priorities for 2026 - 2028 _ Management Solutions.pdf; Supervisory priorities 2026-28.pdf,10.920543670654297,False,en,14.7,ok
72,what are the SREP requirement for a bank?,"Under the SREP, a bank is assessed on whether it maintains adequate capital over time from both a **normative** and an **economic** perspective. The assessment combines:

- a quantitative assessment of the bank’s capital risks; and  
- an assessment of its ICAAP, including the effectiveness of its capital-management strategies, methodologies and processes, and the quality of its baseline and adverse capital-planning scenarios and projections.  

The quantitative capital assessment is mandatory in every SREP cycle, while ICAAP aspects are assessed annually and through a multi-year assessment. The overall capital-adequacy score is based on both assessments and supervisory judgement. (SREP methodology for assessing capital adequacy.pdf, p.1)

More broadly, SREP determines the bank’s position against **capital and liquidity requirements** and assesses the adequacy of its internal governance and risk controls. It covers four elements: business model; governance and risk management; risks to capital; and risks to liquidity and funding. The SREP outcome may include applicable **Pillar 2 capital and liquidity quantitative requirements**, as well as additional qualitative measures. (Supervisory methodology 2025.pdf, p.1-2; Methodological note for the publication of aggregated Supervisory Banking Statistics.pdf, p.11)

The excerpts do not provide specific numerical capital thresholds or identify the precise legal basis for the requirements.",SREP methodology for assessing capital adequacy.pdf; Supervisory methodology 2025.pdf; Methodological note for the publication of aggregated Supervisory Banking Statistics.pdf,5.276827335357666,False,en,9.7,ok
73,what are the risk management requirements for a payment institution,"A payment institution must maintain a risk-management framework comprising policies, procedures, limits, controls and alerts that enable the identification, measurement, management or mitigation, and reporting of risks. These arrangements must apply across operational units and the institution as a whole, including branches, subsidiaries, agents, distributors and representative offices. The framework must specifically cover capital adequacy, liquidity, management of payment flows, and the proper functioning of arrangements protecting payment-service users’ funds. (cssf26_906eng.pdf, p.38)

Where the institution grants credit linked to payment services, it must also have robust arrangements to detect, manage and report credit activity exceeding approved risk appetite or internal limits; manage the associated risks continuously so that capital and liquidity remain adequate in normal and crisis conditions; and identify and manage credit activities that have passed contractual or legal deadlines. (cssf26_906eng.pdf, p.38) For safeguarded funds invested in low-risk, liquid and secure assets, the institution must have a risk-management policy and monitor price volatility to ensure both ongoing safeguarding of users’ funds and sufficient liquidity for payment and electronic-money services. Foreign-exchange exposure should be minimised, or additional FX-protection mechanisms must be implemented where necessary. (cssf26_906eng.pdf, pp.48–49) Where safeguarding is provided through insurance or another guarantee, the management body must ensure that the guaranteed amount is reviewed regularly and remains sufficient to cover all relevant user funds. (cssf26_906eng.pdf, p.49)","cssf26_906eng.pdf; New Circular CSSF 26_906 “Central administration, internal governance and risk management” applicable to payment and electronic money institutions – CSSF.pdf; cssf26_906eng.pdf",7.65227746963501,False,en,10.1,ok
74,what are the AML/CFT requirements for a payment institution,"A payment institution should be **licensed or registered and subject to effective AML/CFT compliance monitoring** in accordance with national requirements and the FATF Standards. Its AML/CFT controls should be proportionate to its money-laundering and terrorist-financing risk profile; supervisors should apply risk-based intensity and frequency to on-site and off-site supervision. Particular attention is warranted for cross-border activities and the use of agents, which may create significant inherent risks. (Recommendations for Regulating and Supervising Bank and Non-bank Payment Service Providers Offering Cross-border Payment Services_ Final report.pdf, pp. 23–24)

The institution should also address financial-crime risks when designing products, selecting delivery channels, introducing new technologies, or modifying existing products. For cross-border transfers, it must include the required and accurate originator and beneficiary information in the transfer or related messages and ensure that the information remains with the payment throughout the payment chain. (Recommendations for Regulating and Supervising Bank and Non-bank Payment Service Providers Offering Cross-border Payment Services_ Final report.pdf, pp. 23–24, 37)

Where the payment institution establishes cross-border correspondent or similar relationships, it should obtain information about the respondent institution, assess its AML/CFT controls, obtain senior-management approval before establishing the relationship, and clearly define each institution’s AML/CFT responsibilities. For payable-through accounts, it should ensure that the respondent has conducted customer due diligence on customers with direct access and can provide the relevant due-diligence information on request. (FATF Methodology 22 Feb 2013.pdf.coredownload.inline.pdf, pp. 51–52)",FATF Methodology 22 Feb 2013.pdf.coredownload.inline.pdf; Recommendations for Regulating and Supervising Bank and Non-bank Payment Service Providers Offering Cross-border Payment Services_ Final report.pdf; Recommendations for Regulating and Supervising Bank and Non-bank Payment Service Providers Offering Cross-border Payment Services_ Final report.pdf,5.587246417999268,False,en,10.0,ok
75,what are the AML/CFT requirements for the ROA/CSSF questionnaire?,"The excerpts do not define “ROA” specifically. For the CSSF AML/CFT questionnaire, the 2025 questionnaire collects standardised information on the ML/TF risks to which CSSF-supervised professionals are exposed and on the measures implemented to mitigate those risks. It must be submitted through the CSSF eDesk platform by **3 April 2026 at the latest**; the API transmission solution also remains available. (2025 Questionnaire on Financial Crime – CSSF.pdf, p.1)

Completion must be performed by the **RC** (compliance officer responsible for monitoring compliance with professional obligations) or the **RR** (person responsible for compliance with professional obligations). It may be delegated through eDesk to another employee or third party, but ultimate responsibility for adequate completion remains with the RC or RR. The RC/RR and any delegate must have an eDesk account authenticated through LuxTrust. (2025 Questionnaire on Financial Crime – CSSF.pdf, p.1)

For the underlying AML/CFT oversight, intermediaries are subject to **enhanced due diligence** from an AML and KYC perspective. Distributor due diligence must assess compliance with applicable AML/CTF laws and regulations, alongside marketing, governance and contractual requirements; it is generally performed through a distributor due-diligence questionnaire. (Delegate Due Diligence.pdf, pp.5–6)",Delegate Due Diligence.pdf; 2025 Questionnaire on Financial Crime – CSSF.pdf; 2025 Questionnaire on Financial Crime – CSSF.pdf,5.390533447265625,False,en,7.0,ok
76,what are the requirements for a long form report (audit report)?,"For financial years ending on or after **31 December 2024**, **all investment firms incorporated under Luxembourg law, including their branches, must prepare a Revised Long Form Report (RLFR)**. For the financial year ending 31 December 2023, the RLFR applied only to a sample of investment firms. (Publication of Circular CSSF 25_870 amending Circular CSSF 24_853 on the revised long form report for investment firms – CSSF.pdf, p.1)

The RLFR framework generally consists of **four dedicated reports**. However, investment firms subject to the RLFR for the first time from the year ending 31 December 2024 and presenting comparatively lower risk based on their risk attributes may qualify as **Partial Scope IFs**. These firms are subject to a proportionate, lighter framework and are currently required to submit **three dedicated reports**. They must also assess their compliance and the effectiveness of their internal organisational arrangements using the **RLFR self-assessment questionnaire (SAQ)**. (Publication of Circular CSSF 25_870 amending Circular CSSF 24_853 on the revised long form report for investment firms – CSSF.pdf, p.1)

The excerpts do not specify the detailed contents of the four or three reports, filing deadlines, or the legal basis beyond the circulars named in the source.",Publication of Circular CSSF 25_870 amending Circular CSSF 24_853 on the revised long form report for investment firms – CSSF.pdf; IAASB-ISA-600-Revised.pdf; faft.pdf,-0.6531382203102112,False,en,8.4,ok
77,what are the depositary oversight requirements?,"The depositary must generally be established in the same Member State as the AIF and must be an entity eligible under the AIFMD; the AIFM of the relevant AIF is expressly excluded to avoid conflicts of interest. Its responsibilities go beyond safekeeping and include oversight of the AIF, notably monitoring the AIF’s cash flows and covering the relevant activities of the AIF/AIFM. (EUR-Lex - 52021SC0340 - EN - EUR-Lex.pdf, p.154–155)

Only custody/safekeeping functions may be delegated. The depositary must retain responsibility for the necessary checks, including verifying that no financial instrument has been lost, and must ensure that information exchanged with the delegate through the custody chain is complete, timely and effective. Financial instruments held through the custody chain must be maintained in segregated financial-instrument accounts. The depositary generally remains liable to the AIF or its investors for loss of assets by a third party, subject to a valid discharge of liability or proof that the loss resulted from an external event beyond its reasonable control. (EUR-Lex - 52021SC0340 - EN - EUR-Lex.pdf, p.21–22; p.154–155)

The excerpts also identify an oversight gap concerning Central Securities Depositaries: under the AIFMD, a CSD is not treated as part of the custody chain or as the depositary’s delegate. This can hinder the depositary’s effective oversight because stable information on portfolio movements is not guaranteed, while CSDs follow CSDR asset-segregation rules rather than the more detailed rules applicable to custodial delegates. (EUR-Lex - 52021SC0340 - EN - EUR-Lex.pdf, p.21–22)",EUR-Lex - 52021SC0340 - EN - EUR-Lex.pdf; EUR-Lex - 52021SC0340 - EN - EUR-Lex.pdf; EUR-Lex - 52021SC0340 - EN - EUR-Lex.pdf,2.007307529449463,False,en,9.2,ok
78,quelles sont les exigences de la circulaire cssf 26/906?,"La circulaire CSSF 26/906 s’applique aux établissements de paiement et aux établissements de monnaie électronique. Elle leur impose, afin d’assurer une gestion saine et prudente, de disposer d’un solide dispositif de gouvernance interne comprenant notamment : une structure organisationnelle claire, une répartition des responsabilités définie, transparente et cohérente, des processus efficaces d’identification, de gestion, de contrôle et de déclaration des risques, des mécanismes adéquats de contrôle interne — y compris des procédures administratives et comptables saines — ainsi que des mécanismes de contrôle et de sécurité des systèmes informatiques (cssf26_906.pdf, p. 1-2). La répartition des tâches doit respecter la ségrégation des tâches, mais la responsabilité au niveau de l’organe de gestion demeure collective (cssf26_906.pdf, p. 7-8).

L’application de ces exigences doit respecter le principe de proportionnalité. Les établissements doivent notamment tenir compte des risques et de la complexité de leurs produits et services, du volume des opérations de paiement et de monnaie électronique, de leur taille, du type et du nombre d’utilisateurs, du nombre d’employés, de l’étendue du réseau de distribution et de la taille du groupe auquel ils appartiennent. Les seuils indicatifs mentionnés sont notamment un volume supérieur à 10 milliards d’euros, un chiffre d’affaires ou total de bilan supérieur à 0,5 milliard d’euros, plus de 50 employés, ou un réseau comportant plusieurs succursales, agents, distributeurs ou bureaux de représentation (cssf26_906.pdf, p. 7-8).

Sur une base annuelle, l’établissement doit également fournir à la CSSF : l’évaluation des risques liés aux TIC et à la sécurité, l’attestation de conformité à la circulaire signée par tous les membres de l’organe de gestion, ainsi que les rapports de synthèse des fonctions de conformité et d’audit interne, signés respectivement par le Chief Compliance Officer et le Chief Internal Auditor. Ces documents doivent être soumis au plus tard le dernier jour du troisième mois suivant la clôture de l’exercice financier et peuvent être établis en français, allemand ou anglais (cssf26_906.pdf, p. 54-55). La circulaire est applicable à partir du 30 juin 2026 (cssf26_906.pdf, p. 54-55).",cssf26_906.pdf; cssf26_906.pdf; cssf26_906.pdf,9.510332107543945,False,fr,8.3,ok
79,what are the internal governance requirement for a financial institution?,"Internal governance must ensure the sound and prudent management of the institution’s activities and inherent risks. It should include:

- A clear, consistent, transparent and complete organisational and operational structure, with well-defined decision-making powers, reporting and functional lines, allocation of responsibilities, and safeguards against conflicts of interest. (cssf26_906eng.pdf, p.8; cssf20_758eng.pdf, p.11-12)
- Adequate internal controls, including sound administrative, accounting and IT procedures; remuneration policies that support effective risk management; and control and security mechanisms for management information systems, including IT systems. (cssf26_906eng.pdf, p.8; cssf20_758eng.pdf, p.11-12)
- A formally defined risk-taking process and risk appetite covering all business areas and relevant risks, supported by rigorous decision-making, quality analysis and appropriate limits. Risks must be identified, measured, reported, managed, mitigated and controlled. (cssf26_906eng.pdf, p.8; cssf20_758eng.pdf, p.11-12)
- Formal procedures to escalate, resolve and, where appropriate, sanction problems, deficiencies and irregularities identified through internal controls or internal alert mechanisms. (cssf26_906eng.pdf, p.8)
- For payment and electronic money services, a clear structure covering agents, distributors, representative offices and branches, together with policies for their selection and oversight. It must also address money-laundering and terrorist-financing risks and operational and security risks related to those services. (cssf26_906eng.pdf, p.8)

The structure must not be unduly complex or impair the management body’s ability to manage and oversee the institution and its risks. Information necessary for sound management must be produced and distributed promptly, with significant management-information flows documented and available to the supervisory body, management body, internal control functions or competent authority on request. Complex structures and non-standard or potentially non-transparent activities require in-depth analysis and ongoing risk monitoring, including for financial-crime, money-laundering and terrorist-financing risks. (cssf26_906eng.pdf, p.43)",cssf26_906eng.pdf; cssf20_758eng.pdf; cssf26_906eng.pdf,5.172868251800537,False,en,8.2,ok
80,what are the ECB's supervisory priorities for 2026-28 and how do they affect banks?,"The ECB’s supervisory priorities for 2026–28 are organised around two main areas:

1. **Resilience to geopolitical and macro-financial risks:** banks are expected to apply prudent risk-taking and maintain sound credit standards, implement **CRR III** consistently, and manage climate- and nature-related risks prudently. (ECB Annual Report on supervisory activities 2025, p.39)

2. **Operational, ICT and digital resilience:** banks are expected to strengthen operational resilience and ICT capabilities, comply with the new **DORA** requirements, and remediate deficiencies in risk-reporting capabilities and related information systems in a timely manner. The ECB is also developing a medium- to long-term supervisory strategy covering banks’ digital and, particularly, AI-related strategies, governance and risk management. Targeted supervisory engagement on these themes is planned during 2026. (ECB Annual Report on supervisory activities 2025, p.39; Supervisory priorities 2026-28, pp.2–3)

For banks, this means that these areas will shape supervisory planning, resource allocation and ongoing engagement with Joint Supervisory Teams. Banks should expect continued follow-up on previous priorities and regulatory requirements, as well as risk-based supervisory action that may be adjusted annually in light of changes in the risk environment and SREP outcomes. The priorities are also intended to clarify supervisory expectations and promote consistent treatment across institutions; national supervisors will use them proportionately when setting priorities for less significant institutions. (Supervisory priorities 2026-28, pp.1, 2–3)",ECB Annual Report on supervisory activities 2025.pdf; Supervisory priorities 2026-28.pdf; Supervisory priorities 2026-28.pdf,10.85989761352539,False,en,8.2,ok
81,what are the SREP capital requirements for a bank?,"Under the SREP, a bank’s capital adequacy is assessed from both a **normative** and an **economic** perspective. The assessment combines a quantitative risk assessment with an assessment of the bank’s ICAAP—covering its capital-management strategies, methodologies, processes, and the quality of its baseline and adverse capital-planning scenarios—and is ultimately determined using supervisory judgement. The quantitative assessment is mandatory in every SREP cycle. (SREP methodology for assessing capital adequacy.pdf, p.1)

The excerpts do not provide a single capital requirement applicable to every bank; requirements are bank-specific. Across ECB-supervised banks, the **overall capital requirements and guidance** averaged **15.6% of risk-weighted assets** in both 2024 and 2025. The median **Pillar 2 capital requirement** was **2.2%** for the 2024 SREP and **2.3%** for the 2025 SREP. In 2025, average **Pillar 2 guidance** was **1.1%**, down from **1.3%** the previous year. Bank-specific Pillar 2 requirements, including requirements addressing excessive leverage, were made available for 2025 and 2026 respectively. (ECB Annual Report on supervisory activities 2024.pdf, pp.22–23; ECB Annual Report on supervisory activities 2025.pdf, pp.27–28)",SREP methodology for assessing capital adequacy.pdf; ECB Annual Report on supervisory activities 2024.pdf; ECB Annual Report on supervisory activities 2025.pdf,7.354216575622559,False,en,7.9,ok
82,what are the requirements for internal models for credit risk?,"For credit risk, “internal models” means **IRB rating systems**. They must be documented so that a qualified third party can independently understand and replicate their development and implementation, including the methodology, assumptions, limitations and intended use. Documentation should cover, at minimum, the model’s technical aspects, data processes, user instructions, performance and validation, including implementation-testing results. (ECB guide to internal models.pdf, pp.9–10)

Institutions must maintain a model register and documentation inventory, with adequate controls and at least an annual review. For each model, the register should identify the owner(s), application range, materiality, approval date, use restrictions, key weaknesses, significant changes and version history; third-party models must also be included. (ECB guide to internal models.pdf, pp.9–10) A model risk management framework should additionally include a written policy, clear governance arrangements covering model risk control, validation and internal audit, and procedures for identifying and mitigating measurement uncertainty and model deficiencies, including data deficiencies, misuse and implementation errors. (ECB guide to internal models.pdf, pp.11–12)

Where external data are used for risk differentiation, risk quantification or reviewing estimates, the institution must know the data sources and the main processing applied by the provider to direct model inputs. It must distinguish and document internal versus external data, and justify any modification of external data, selection of only part of an external database, or use of a different provider. (ECB guide to internal models.pdf, p.101)",ECB guide to internal models.pdf; ECB guide to internal models.pdf; ECB guide to internal models.pdf,8.856788635253906,False,en,9.9,ok
83,what are the ICAAP requirements for a bank?,"A bank’s ICAAP must provide a sound, ongoing process to identify and manage its material risks and ensure that sufficient capital resources are available to cover those risks. Banks are expected to maintain adequate capital levels at all times. The ICAAP should be integrated into governance, internal controls and decision-making, including strategy and distribution decisions. (ICAAP_ enhanced supervisory assessment for stronger capital management in banks.pdf, p.1-3)

The ICAAP should cover four main areas:

- **ICAAP integration:** governance, controls and use of the ICAAP in decision-making, such as strategy and distributions;
- **Capital management:** capital planning, stress testing and management of capital adequacy from an economic perspective;
- **Risk controls:** management and quantification of risks to capital; and
- **Data quality and IT infrastructure.** (ICAAP_ enhanced supervisory assessment for stronger capital management in banks.pdf, p.1-3)

In practice, supervisors also expect capital planning frameworks to produce reliable capital projections under both baseline and adverse scenarios, supported by robust scenario design and stress testing. Banks must continuously improve their ICAAPs and related practices, including capital management, dividend and distribution policies, and coverage of risks from irrevocable payment commitments. (Aggregated results of the 2025 SREP.pdf, p.44-46) The excerpts identify the Capital Requirements Directive (CRD) as the legal basis but do not provide a specific article or detailed statutory requirement. (ICAAP_ enhanced supervisory assessment for stronger capital management in banks.pdf, p.1)",ICAAP_ enhanced supervisory assessment for stronger capital management in banks.pdf; ICAAP_ enhanced supervisory assessment for stronger capital management in banks.pdf; Aggregated results of the 2025 SREP.pdf,4.9356369972229,False,en,7.9,ok
84,what are the liquidity management tools under AIFMD?,"The excerpts identify the following liquidity management tools (LMTs) associated with AIFMD/AIFs:

- **Suspension of subscriptions or redemptions**
- **Redemption gates** (quantitative limits on redemptions)
- **Side pockets**
- **Swing pricing**
- **Temporary borrowing or standby credit facilities**

The excerpts also mention **lock-up periods**, which prevent redemptions for a predetermined period, and **diversification of the investor base** as additional liquidity-management practices. (ESMA34-671404336-1345_Final_Report_on_the_Draft_Regulatory_Technical_Standards_on_open-ended_loan-originating_AIFs_under_the_AIFMD.pdf, pp. 21–22)

However, the AIFMD does **not provide a minimum harmonised set of LMTs** available to AIFMs. The excerpt states that only **suspension of redemptions by a national competent authority**, as a last-resort measure, is explicitly allowed under the AIFMD. (EUR-Lex - 52021SC0340 - EN - EUR-Lex.pdf, pp. 19–20) Soft closures and extensions of settlement periods are expressly said **not** to qualify as LMTs within the meaning of the AIFMD. (cssf25_901_recueil_eng.pdf, p. 25)",ESMA34-671404336-1345_Final_Report_on_the_Draft_Regulatory_Technical_Standards_on_open-ended_loan-originating_AIFs_under_the_AIFMD.pdf; cssf25_901_recueil_eng.pdf; EUR-Lex - 52021SC0340 - EN - EUR-Lex.pdf,10.097451210021973,False,en,8.5,ok
85,what are the UCITS sustainability requirements?,"UCITS sustainability requirements are based on a **principles-based integration of sustainability risks**, rather than highly prescriptive rules. UCITS management companies should assess sustainability risks and take them into account in investment decision-making and risk management. Their governance, operating conditions and risk-management processes should be adapted accordingly. (esma34-45-688_final_report_on_integrating_sustainability_risks_and_factors_in_the_ucits_directive_and_the_aifmd.pdf, pp.10, 37–38)

In practical terms, the framework requires appropriate procedures and processes to ensure that sustainability-risk integration is effective, adequate and regularly reviewed; sufficient skills, expertise, knowledge, analytical support and resources; regular internal reporting; cooperation between relevant functions; and measures to identify, prevent, manage and disclose conflicts of interest arising from sustainability considerations. Systems and internal controls should also be adapted to sustainability risks. The governing body is responsible for the integration of sustainability risks and for periodically reviewing the risk-management policy, arrangements, processes, techniques and risk limits. (esma34-45-688_final_report_on_integrating_sustainability_risks_and_factors_in_the_ucits_directive_and_the_aifmd.pdf, pp.10, 14–15)",esma34-45-688_final_report_on_integrating_sustainability_risks_and_factors_in_the_ucits_directive_and_the_aifmd.pdf; esma34-45-688_final_report_on_integrating_sustainability_risks_and_factors_in_the_ucits_directive_and_the_aifmd.pdf; esma34-45-688_final_report_on_integrating_sustainability_risks_and_factors_in_the_ucits_directive_and_the_aifmd.pdf,4.792648792266846,False,en,8.8,ok
86,what are the CSDR settlement discipline rules?,"The CSDR settlement-discipline regime has three principal measures for addressing settlement fails:

- **Reporting and monitoring of settlement fails**;
- **Cash penalties** for settlement failures; and
- A **mandatory buy-in regime**.  
  (esma70-156-5011_final_report_-_rts_settlement_discipline_-_buy-in_suspension.pdf, p.5–6)

The framework also includes measures intended to **prevent settlement fails**, including allocations and confirmations, automation and reduced manual intervention, mandatory matching, and relevant CSD functionalities. It separately addresses the monitoring of fails, cash penalties, buy-ins, and participants that consistently and systematically fail. (2016-174_-_final_report_on_csdr_rts_on_settlement_discipline_0.pdf, p.1–2)

The settlement-discipline regime entered into force on **1 February 2022** after two postponements. Although market participants were considered largely ready for fail reporting and cash penalties, ESMA reported serious implementation difficulties concerning the buy-in regime. (esma70-156-5011_final_report_-_rts_settlement_discipline_-_buy-in_suspension.pdf, p.5–6) Subsequent policy discussion focused particularly on making the mandatory buy-in rules more proportionate and allowing different application dates for the separate settlement-discipline measures. (esma70-156-5011_final_report_-_rts_settlement_discipline_-_buy-in_suspension.pdf, p.12–13)",esma70-156-5011_final_report_-_rts_settlement_discipline_-_buy-in_suspension.pdf; 2016-174_-_final_report_on_csdr_rts_on_settlement_discipline_0.pdf; esma70-156-5011_final_report_-_rts_settlement_discipline_-_buy-in_suspension.pdf,3.1692683696746826,False,en,9.4,ok
87,what are the difference between pillar 2 guidance and pillar 2 requirement?,"- **Pillar 2 Requirement (P2R):** An **additional own funds requirement imposed** under Article 104(1)(a) of Directive 2013/36/EU to address risks other than excessive leverage. It is therefore a formal capital requirement. (Final Report on revised SREP and supervisory stress testing Guidelines.pdf, p.27)

- **Pillar 2 Guidance (P2G):** The **level and quality of own funds the institution is expected to hold in excess of its overall capital requirement (OCR)**, determined using the supervisory criteria in the guidelines. The wording “expected to hold,” rather than “requirements imposed,” distinguishes P2G from P2R. (Final Report on revised SREP and supervisory stress testing Guidelines.pdf, p.27)

In short, **P2R is an imposed additional requirement**, while **P2G is an additional supervisory capital expectation above the OCR**. Both are reflected in discussions of banks’ overall capital requirements and guidance. (Understanding the EU banking sector’s capital framework.pdf, pp.5–6)","Final Report on revised SREP and supervisory stress testing Guidelines.pdf; Understanding the EU banking sector’s capital framework.pdf; Financial Stability Review, May 2026.pdf",5.456202983856201,False,en,8.7,ok
88,What is the legal basis for the free movement of capital in the EU?,"The primary legal basis is **Article 63 of the Treaty on the Functioning of the European Union (TFEU)**. It prohibits **all restrictions on movements of capital and payments between EU Member States and between Member States and third countries**. The provision has direct effect, meaning that it can confer rights on individuals who may rely on it before national courts, without implementing legislation. (Legal basis for the free movement of capital.pdf, p.1; Free movement of capital - Finance - European Commission.pdf, p.2–3)

The broader legal framework also includes **Treaty provisions, protocols and declarations, and transitional measures in accession acts**. Article 63 is subject to Treaty-based exceptions, including measures justified by taxation, prudential supervision of financial institutions, public policy, and security. The Court of Justice of the European Union has the final role in interpreting these provisions. (Free movement of capital - Finance - European Commission.pdf, p.2–3)",Legal basis for the free movement of capital.pdf; Free movement of capital - Finance - European Commission.pdf; Free movement of capital - Finance - European Commission.pdf,10.772690773010254,False,en,5.5,ok
89,What are the key requirements of the PRIIPs Regulation?,"The excerpts indicate that the PRIIPs framework requires a **Key Information Document (KID)** for packaged retail and insurance-based investment products. The related technical standards govern the KID’s **presentation, content, review and revision**, as well as the conditions for providing it to investors (Revised Methodology on Value for Money Benchmarks.pdf, p.10).

Key information and cost-related requirements include:

- Investors must be informed of the **overall effect of costs and charges on investment returns**.
- Any anticipated **spikes or fluctuations in costs** must be shown, together with an explanation of the illustration.
- Firms distributing PRIIPs must disclose any **additional product costs or charges not included in the PRIIPs KID**, as well as costs and charges relating to the investment services provided (Delegated regulation - 2017_565 - EN - EUR-Lex.pdf, p.62).

The excerpts also link product governance to PRIIPs-related products: firms should identify the product’s target market and specify relevant **sustainability objectives**, such as minimum investments in environmentally sustainable or sustainable investments, consideration of principal adverse impacts, and an environmental, social or governance focus (ESMA35-43-3448_Guidelines_on_product_governance.pdf, pp.11–12).",ESMA35-43-3448_Guidelines_on_product_governance.pdf; Revised Methodology on Value for Money Benchmarks.pdf; Delegated regulation - 2017_565 - EN - EUR-Lex.pdf,3.3006129264831543,False,en,10.5,ok
90,How is the MiFID II directive transposed into Luxembourg law?,"The excerpts do not identify the specific Luxembourg legislation transposing **MiFID II**. They state only that MiFID II entered into force in January 2018. (EUR-Lex - 52021SC0340 - EN - EUR-Lex.pdf, pp. 9–10)

They describe Luxembourg’s earlier MiFID framework as being transposed through two national instruments: the **Law of 13 July 2007 on markets in financial instruments**, referred to as the “MiFID law,” transposing Directive 2004/39/EC, and the **Grand-Ducal Regulation of 13 July 2007 on organisational requirements and conduct of business rules in the financial sector**, transposing Commission Directive 2006/73/EC. Circular CSSF 07/307 explains and specifies those provisions; it must be read together with the law and regulation, which constitute the applicable conduct-of-business requirements. (cssf07_307eng.pdf, p. 1)

The framework requires institutions providing investment services to act honestly, fairly and professionally in the clients’ best interests. It also applies to relevant services or activities carried out by Luxembourg institutions in other EU Member States, subject to host-State rules for branches, and makes institutions fully responsible for their tied agents’ activities. (cssf07_307eng.pdf, pp. 5–7)",cssf07_307eng.pdf; EUR-Lex - 52021SC0340 - EN - EUR-Lex.pdf; cssf07_307eng.pdf,5.074298858642578,False,en,7.5,ok
91,What is the amended law of 5 April 1993 on the financial sector?,"The **Law of 5 April 1993 on the financial sector**, as amended, is referred to as the **“LFS.”** It is the legal framework governing relevant financial-sector entities in Luxembourg. (cssf07_307eng.pdf, pp. 2–3)

Under the excerpts, the LFS requires **credit institutions** to maintain robust governance arrangements, including effective processes for identifying, managing, monitoring and reporting risks. (Circular 26_905.pdf, pp. 156–157) For **investment firms**, Articles **17(1a) and 38-1** require robust internal governance, clear organisational and reporting structures, risk-management processes, internal controls, sound administrative and accounting procedures, appropriate remuneration policies, and IT control and security mechanisms. (cssf20_758eng.pdf, pp. 1–2)",cssf07_307eng.pdf; Circular 26_905.pdf; cssf20_758eng.pdf,5.801473617553711,False,en,8.0,ok
92,What is the Grand-Ducal regulation implementing MiFID II?,"The excerpts refer to the implementing measure as the **“Grand-ducal MiFID regulation.”** They do not provide its formal title, date, or specific legal basis, and they do not expressly identify it as implementing **MiFID II**. The regulation contains provisions on inducements (Article 30(b)(ii)), protection of financial instruments and client funds (Article 37), costs and charges (Article 38), prospectus information (Article 39), and record-keeping (Articles 60–61). (cssf07_307eng.pdf, pp. 21, 28–29, 33)",cssf07_307eng.pdf; cssf07_307eng.pdf; cssf07_307eng.pdf,3.639577865600586,False,en,6.1,ok
93,What are the requirements under RTS 27 for non-equity transparency?,"The excerpts do **not** set out detailed non-equity transparency requirements under **RTS 27**. They only state that the best-execution reports required under RTS 27 and RTS 28 were considered not to provide sufficient benefits to investors to justify their production costs. (esma70-156-3329_mifid_ii_mifir_review_report_on_the_transparency_regime_for_non-equity_instruments.pdf, p.11)

For non-equity **pre-trade transparency**, the relevant requirements described in the excerpts are that market operators and investment firms operating a trading venue must make public current bid and offer prices, together with the depth of trading interests at those prices, for bonds, structured finance products, emission allowances and derivatives. This information must be made available continuously during normal trading hours, with the detailed calibration for different trading systems specified in **RTS 2**. (esma70-156-3329_mifid_ii_mifir_review_report_on_the_transparency_regime_for_non-equity_instruments.pdf, p.12) The regime also contains specific rules for package orders and exchange-for-physical orders, and an exemption for certain derivative transactions of non-financial counterparties that objectively reduce risks directly related to their commercial activity or that of their group. (esma70-156-3329_mifid_ii_mifir_review_report_on_the_transparency_regime_for_non-equity_instruments.pdf, p.12)",esma70-156-3329_mifid_ii_mifir_review_report_on_the_transparency_regime_for_non-equity_instruments.pdf; esma70-156-3329_mifid_ii_mifir_review_report_on_the_transparency_regime_for_non-equity_instruments.pdf; esma70-156-3329_mifid_ii_mifir_review_report_on_the_transparency_regime_for_non-equity_instruments.pdf,6.1829118728637695,False,en,8.9,ok
94,What are the technical reporting formats under ITS?,"The ITS establish a **minimum set of standard forms and templates** for insurers to submit information to resolution authorities for preparing resolution plans. The reporting procedures are designed with reference to regular Solvency II reporting procedures and national experience in resolution reporting. (b7d91a5d-547c-4d4f-9a56-dfee92389e94_en.pdf, p.3)

The excerpts specifically identify:

- **IR 03.01** and **IR 03.02**, which indicate liabilities that are **excluded and not excluded from the write-down and conversion tool (WDCT)**. (b7d91a5d-547c-4d4f-9a56-dfee92389e94_en.pdf, p.4)
- In those templates, liabilities are broken down according to the categories referred to in **Article 35 of the IRRD**, rather than the classification used in Solvency II reporting templates. (b7d91a5d-547c-4d4f-9a56-dfee92389e94_en.pdf, p.4)

The excerpts do not provide the complete list of ITS templates or their detailed fields.","b7d91a5d-547c-4d4f-9a56-dfee92389e94_en.pdf; Final report on Draft ITS on amended disclosure requirements for ESG risks, equity exposures and aggregate exposure to shadow banking entities.pdf; b7d91a5d-547c-4d4f-9a56-dfee92389e94_en.pdf",2.907837390899658,False,en,8.1,ok
95,What are the key provisions of Delegated Regulation (EU) 2017/565?,"Delegated Regulation (EU) 2017/565 supplements Directive 2014/65/EU by setting detailed **organisational requirements and operating conditions for investment firms**, and by defining terms used for that Directive. Its broader framework covers the performance of investment and, where relevant, ancillary services and investment activities, as well as organisational requirements for investment firms, regulated markets and data reporting services providers. It also addresses transaction-reporting requirements for financial instruments. (Delegated regulation - 2017_565 - EN - EUR-Lex.pdf, p.5)

The excerpts identify key organisational areas as **general organisational requirements, risk management and conflicts of interest**. They also link the MiFID II framework to **product governance**, including manufacturers’ and distributors’ duties to define and review the target market. The sustainability-related excerpt describes proposed additions concerning ESG considerations or ESG preferences to relevant provisions; it should therefore be understood as a later proposed development rather than, from the excerpt alone, a complete statement of the Regulation’s original requirements. (esma35-43-1737_final_report_on_integrating_sustainability_risks_and_factors_in_the_mifid_ii.pdf, pp.24–25)",Delegated regulation - 2017_565 - EN - EUR-Lex.pdf; Delegated regulation - 2017_565 - EN - EUR-Lex.pdf; esma35-43-1737_final_report_on_integrating_sustainability_risks_and_factors_in_the_mifid_ii.pdf,7.9978928565979,False,en,8.7,ok
96,What is the deadline for the annual update of the DORA register under Circular CSSF 25/893?,"The annual DORA register must generally be submitted **no later than 31 March of the following year**; the submission window is **28 February to 31 March of year n+1**. For the first collection year (2025), the exceptional deadline was **15 April 2025**. (cssf25_882.pdf, p.7)

For the 2026 submission, the CSSF specified a submission window of **11 February to 31 March 2026** via eDesk. (DORA – Submission timeframe for register of information – eDesk Portal open as of 11 February 2026 – CSSF.pdf, p.1) The excerpts identify Circular CSSF 25/893 as concerning reporting of major ICT-related incidents and significant cyber threats, but do not state a register-update deadline under that circular. (Publication of two new circulars_ ICT-related incident classification and reporting for DORA entities and other Payment Service Providers and adoption of ESA Guidelines on the estimation of aggregated costs_losses –.pdf, pp.1–3)",Publication of two new circulars_ ICT-related incident classification and reporting for DORA entities and other Payment Service Providers and adoption of ESA Guidelines on the estimation of aggregated costs_losses –.pdf; DORA – Submission timeframe for register of information – eDesk Portal open as of 11 February 2026 – CSSF.pdf; cssf25_882.pdf,9.646982192993164,False,en,8.2,ok
97,What are the ESMA guidelines on suitability?,"ESMA’s suitability guidelines aim to improve clarity and promote consistent implementation of the relevant MiFID suitability requirements. When providing investment advice or portfolio management, an investment firm must ensure that each transaction recommended—or entered into for portfolio management—is suitable for the particular client or potential client. The guidelines are divided into General Guidelines and Supporting Guidelines and address only certain aspects of MiFID. (cssf07_307eng.pdf, p.100–101)

For crypto-asset services, ESMA’s suitability framework applies to the suitability requirements under Article 81 of MiCA. A “suitability assessment” means the complete process of collecting information about the client and assessing whether a crypto-asset is suitable, based on the crypto-asset service provider’s sound understanding of the crypto-assets it may recommend or invest in for the client. The same guidelines also address the format of periodic statements for providers conducting portfolio management of crypto-assets. (ESMA35-1872330276-2031_Guidelines_on_suitability_and_periodic_statement_MiCA.pdf, pp.5–6)",cssf07_307eng.pdf; ESMA35-1872330276-2031_Guidelines_on_suitability_and_periodic_statement_MiCA.pdf; cssf07_307eng.pdf,7.889927387237549,False,en,5.6,ok
98,How does ESMA's Q&A on MiFID II treat best execution?,"The Q&A treats best execution as a **general, overarching obligation**. Firms must take **all reasonable steps to obtain the best possible result for clients**, considering price, costs, speed, likelihood of execution and settlement, order size, nature, and any other consideration relevant to execution. The requirement sets a high-level standard and gives firms considerable flexibility in how they comply, while still requiring compliance with specific provisions. (cssf07_307eng.pdf, p.59)

The Q&A identifies the relevant provisions as **Article 21 of Level 1** and **Articles 44 and 46 of Level 2**, with an indirect application through **Article 45(7)** for firms executing portfolio-management decisions. It covers firms that execute orders or decisions to deal, as well as firms that transmit or place orders with other entities for execution. (cssf07_307eng.pdf, pp.58–59) However, it expressly does **not** address the scope of best execution under MiFID or how it applies in dealer markets. CESR considered the Commission’s response sufficient for implementation and stated that no further work was needed at that time, while leaving open a possible future review of how the requirements were being applied. (cssf07_307eng.pdf, p.58)",cssf07_307eng.pdf; cssf07_307eng.pdf; Delegate Due Diligence.pdf,8.427492141723633,False,en,9.5,ok
99,What is ESMA's supervisory briefing on outsourcing?,"Based on the excerpts, ESMA’s outsourcing supervisory guidance is focused specifically on outsourcing to cloud service providers. It is intended to help firms and competent authorities identify, address and monitor risks throughout the outsourcing lifecycle—from deciding whether to outsource and selecting a provider, through monitoring the outsourced activities, to establishing exit strategies. (ESMA65-294529287-4737_Guidelines_on_outsourcing_to_cloud_service_providers.pdf, pp. 7–8)

The guidance expects competent authorities and firms to make every effort to comply. Competent authorities should incorporate it into their national legal or supervisory frameworks as appropriate and supervise firms’ compliance. They must notify ESMA within two months of publication whether they comply, intend to comply, or do not intend to comply, giving reasons in the last case; firms themselves are not required to submit such compliance notifications. (ESMA65-294529287-4737_Guidelines_on_outsourcing_to_cloud_service_providers.pdf, p. 8)

The excerpts do not provide a separate document expressly titled “ESMA supervisory briefing on outsourcing”; they describe ESMA’s cloud-outsourcing guidelines and their supervisory status.",gfma-response-iosco-principles_on_outsourcing_cp-30-oct-2020-final.pdf; Neo-conglomerates and EU regulatory perimeter challenges – state of play and evaluation of policy options.pdf; ESMA65-294529287-4737_Guidelines_on_outsourcing_to_cloud_service_providers.pdf,4.122573375701904,False,en,9.2,ok
100,What is the topic of the latest discussion paper on sustainability?,"The latest sustainability discussion concerns **integrating sustainability risks and factors into financial-services regulation**, specifically in relation to MiFID and the UCITS Directive and AIFMD. The approach is intended to be principles-based and consistent across sectors, rather than requiring firms to offer ESG-focused products or advice. (esma34-45-688_final_report_on_integrating_sustainability_risks_and_factors_in_the_ucits_directive_and_the_aifmd.pdf, pp.4–5; esma35-43-1737_final_report_on_integrating_sustainability_risks_and_factors_in_the_mifid_ii.pdf, p.13)

It also addresses firms’ internal frameworks, including the consideration of sustainability risks by Compliance and Internal Audit, senior-management responsibilities, and asking clients about their sustainability preferences. (esma35-43-1737_final_report_on_integrating_sustainability_risks_and_factors_in_the_mifid_ii.pdf, p.13)",esma35-43-1737_final_report_on_integrating_sustainability_risks_and_factors_in_the_mifid_ii.pdf; esma34-45-688_final_report_on_integrating_sustainability_risks_and_factors_in_the_ucits_directive_and_the_aifmd.pdf; esma34-45-688_final_report_on_integrating_sustainability_risks_and_factors_in_the_ucits_directive_and_the_aifmd.pdf,2.0878944396972656,False,en,7.1,ok
101,What are the requirements for a merger under the Luxembourg law on securitisation?,"Based on the excerpts, a merger involving a Luxembourg securitisation company may be carried out under the **simplified merger procedure** in Articles **278 to 280 of the Company Law**. The parties must prepare and approve merger terms (a merger proposal), and the companies’ boards of directors must approve them. (C-N° 1938 _ 31 juillet 2015.pdf, p.2; C-N° 1938 _ 31 juillet 2015.pdf, pp.3–4)

The documents also indicate that the merger project must be **published in the Mémorial** in accordance with Article **262 of the 1915 Law**. Documents required by Article **267 of the 1915 Law** must be deposited at the registered office of the merging company **one month before the general meetings**, including the relevant reports. The merger may involve the transfer of all assets, liabilities, rights, obligations and contracts of the absorbed company to the absorbing company, and the merger project must be approved by the shareholders. (C-N° 59 _ 12 janvier 2009.pdf, p.29)

The excerpts do not identify any additional requirement specific to the Luxembourg law on securitisation; they refer instead to the Luxembourg Company Law and its simplified merger rules.",C-N° 1938 _ 31 juillet 2015.pdf; C-N° 1938 _ 31 juillet 2015.pdf; C-N° 59 _ 12 janvier 2009.pdf,3.477403402328491,False,en,9.1,ok
102,What work must the statutory auditor carry out in the event of an error in the calculation of the NAV according to CSSF Circular 24/856?,"The statutory auditor (REA) must perform risk-based, sample-based controls over errors reported by the UCI as part of the separate report, covering the relevant financial year or audit period. The purpose is to verify that the conditions and remedial measures required by the Circular have been complied with (CSSF24_856eng.pdf, p.40).

For a **significant NAV calculation error**, the controls must cover:

- identifying the affected investors using the investor register;
- correcting the NAVs applied to subscription and/or redemption requests during the error period;
- calculating, using the corrected NAVs, the compensation payable to the UCI and/or investors for the loss suffered; and
- verifying that the compensation was actually paid in accordance with Section 7.2 (CSSF24_856eng.pdf, p.40).

Where the NAV error is classified as **another type of error**, the auditor must determine the compensation payable to the UCI and/or investors and verify that the method used to calculate the gains and/or losses is appropriate for the type of error (CSSF24_856eng.pdf, p.41).",CSSF24_856eng.pdf; Circular CSSF 24_856.pdf; CSSF24_856eng.pdf,9.517251014709473,False,en,9.2,ok
103,What work does the statutory auditor have to do in the case of a merger or transformation according to the professional standards?,"The excerpts do not specify any particular work that the statutory auditor must perform specifically in connection with a merger or transformation. They state only that the statutory audit must be conducted in accordance with the applicable international auditing standards and CSSF standards, with the results presented in an audit report containing the auditor’s opinion (cssf21_790_eng.pdf, p. 7–8; cssf24_850eng.pdf, p. 7–8).

Where a management letter is required, the statutory auditor must report weaknesses and points for improvement identified during the statutory audit that, in the auditor’s professional judgment, are sufficiently important to be brought to management’s or the CSSF’s attention. The auditor is not required to perform additional procedures for that letter beyond those already carried out during the statutory audit and other applicable legal or regulatory duties (cssf21_790_eng.pdf, p. 7–8; cssf24_850eng.pdf, p. 7–8).",9bfa54ff-9644-4ffa-aef1-c05c815963f7_en.pdf; cssf21_790_eng.pdf; cssf24_850eng.pdf,0.4281061291694641,False,en,6.5,ok
104,How should the fair value of a financial option be accounted for?,"The fair value of a financial option should be measured using a suitable valuation technique, particularly where the option is thinly traded. The technique must reflect the option’s contractual terms and the fact that the holder is generally not entitled to dividends on the underlying equity during the option’s life. Relevant inputs for a European equity option include the risk-free discount curve, the underlying spot price, implied volatility, expected dividends or dividend yield, and the contractual terms. (Net Asset Valuation Calculation and Pricing Best Practice Guidelines.pdf, p.125; Net Asset Valuation Calculation and Pricing Best Practice Guidelines.pdf, pp.128–129)

For European call and put options, a risk-neutral Black–Scholes methodology may be used. The valuation should therefore incorporate the underlying price, strike price, time to expiration, discounting, volatility, and expected dividends. The option premium—the cost of entering into the contract—is usually paid upfront, but the excerpts do not specify separate journal entries or other accounting treatment for that premium. (Net Asset Valuation Calculation and Pricing Best Practice Guidelines.pdf, pp.128–129)",Net Asset Valuation Calculation and Pricing Best Practice Guidelines.pdf; Net Asset Valuation Calculation and Pricing Best Practice Guidelines.pdf; Net Asset Valuation Calculation and Pricing Best Practice Guidelines.pdf,3.5612919330596924,False,en,7.0,ok
105,How should financial statements be presented when the entity is not a going concern?,"When an entity is facing imminent liquidation and is no longer a going concern, its financial statements should be prepared using the **liquidation basis of accounting**. The statements should focus on the cash and other resources expected to be available to satisfy obligations, rather than on going-concern operating results and cash flows. Assets should be measured at the cash amounts expected to be received on liquidation; they are not depreciated, and accumulated depreciation is not presented. Impairment testing and other going-concern valuation methods are no longer relevant. (Valuation and Reporting Issues Associated with a Liquidation Basis of Accounting - The CPA Journal.pdf, p.2; p.8)

Deferred charges, prepaid expenses, and other assets that will not be converted into cash or other consideration should be written off when the liquidation basis is adopted. Liabilities with specified contractual amounts should not be reduced to estimated settlement amounts until they are legally settled. The financial statements should also present the material information needed to understand the entity’s financial position and performance, with additional disclosures provided where the prescribed information is insufficient for users’ understanding. (Valuation and Reporting Issues Associated with a Liquidation Basis of Accounting - The CPA Journal.pdf, p.8; International Financial Reporting Standard 18Presentation and Disclosure in Financial Statements.pdf, p.8–9)",Valuation and Reporting Issues Associated with a Liquidation Basis of Accounting - The CPA Journal.pdf; Valuation and Reporting Issues Associated with a Liquidation Basis of Accounting - The CPA Journal.pdf; International Financial Reporting Standard 18Presentation and Disclosure in Financial Statements.pdf,2.875943422317505,False,en,7.7,ok
106,What are the changes in accounting principles when a company is in liquidation?,"When liquidation becomes imminent, the company moves from going-concern accounting to a liquidation basis; this is not an optional accounting policy choice. The financial statements change from a balance sheet, statement of comprehensive income, and cash-flow statement to a statement of net assets in liquidation and a statement of changes in net assets in liquidation. (Valuation and Reporting Issues Associated with a Liquidation Basis of Accounting, pp. 2–3)

The measurement focus also changes from normal going-concern recognition and measurement to expected liquidation proceeds and settlement amounts. All assets and liabilities must be recognized, including internally developed intangible assets if they are expected to be sold. (Valuation and Reporting Issues Associated with a Liquidation Basis of Accounting, p. 5) Under the liquidation framework described in the OIC 5 excerpt, tangible and intangible assets, equity investments, and debt securities are measured at the lower of their carrying amount at the start of liquidation and their realizable value; tangible and intangible assets are no longer depreciated, and debt securities are no longer measured using amortized cost. Receivables are measured at presumed realizable value, while liabilities are measured at presumed settlement value. Amortized-cost and discounting mechanisms generally do not apply because they are inconsistent with liquidation accounting. (OIC 5: key operational changes – valuation criteria and financial statements, p. 1) Before adopting the liquidation basis, assets and liabilities may also require adjustment to fair value, with goodwill tested using the specified net-assets-to-fair-value comparison. (Valuation and Reporting Issues Associated with a Liquidation Basis of Accounting, p. 5)",Valuation and Reporting Issues Associated with a Liquidation Basis of Accounting - The CPA Journal.pdf; OIC 5_ key operational changes - LEXIA.pdf; Valuation and Reporting Issues Associated with a Liquidation Basis of Accounting - The CPA Journal.pdf,5.963222980499268,False,en,8.4,ok
107,What are the stages of a company liquidation and what are the roles of the liquidator and auditor?,I could not find this information in the documents provided.,,-1.750901222229004,False,en,3.0,ok
108,What are the impacts of the new IFRS 18 standard on financial statements?,"IFRS 18 is expected to change the **presentation and disclosure** of financial statements rather than how financial performance is measured. Its main impacts include new defined subtotals in the income statement, revised requirements for the aggregation and disaggregation of information, and disclosures concerning management-defined performance measures (MPMs). These changes are intended to improve the understandability and comparability of financial statements and provide investors with more consistent reference points for analysing performance. (IFRS 18 Presentation and Disclosure in Financial Statements - CBS Research Portal.pdf, pp.1–2; IFRS 18_ Introduction for Insurers.pdf, pp.4–5)

The changes may also affect reported key figures and ratios because the financial statements may be presented differently under IFRS 18. The impact will vary by entity and by the focus of the financial statement user; the excerpts indicate that comparability between entities may improve, while some ratios calculated without reformulating the balance sheet may not provide a fair basis, except for profit margin. Companies—particularly insurers—may need to adapt their financial-reporting processes, systems, internal and external communications, and coordination with auditors regarding judgements and MPM disclosures. (IFRS 18 Presentation and Disclosure in Financial Statements - CBS Research Portal.pdf, pp.1–2; IFRS 18_ Introduction for Insurers.pdf, pp.4–5)",IFRS 18 Presentation and Disclosure in Financial Statements - CBS Research Portal.pdf; IFRS 18_ Introduction for Insurers.pdf; IFRS 18 Presentation and Disclosure in Financial Statements - CBS Research Portal.pdf,10.33598804473877,False,en,6.1,ok
109,What are the impacts of the new law on securitisation in Luxembourg?,"The excerpts do not identify or explain a specific **new securitisation law**, so they do not establish any direct changes to Luxembourg securitisation vehicles, transactions, or requirements.

They do, however, indicate the relevant regulatory perimeter for certain Luxembourg investment structures. The applicability of the Law of 30 March 1988 is assessed by examining the undertaking’s organisation and structure, including systematic share redemptions, investment-advisory arrangements, and fee arrangements. Financial investment companies formed for control purposes, family holding companies, and investment clubs are excluded in the stated circumstances because they do not constitute public collective investment of savings. (iml91_75eng.pdf, p.6–7) Luxembourg UCIs are classified according to their characteristics and may fall under Part I or Part II of that law. (iml91_75eng.pdf, p.6–7)

For UCITS, assets must generally be invested exclusively in transferable securities admitted to an official stock exchange or traded on a regularly operating, recognised and publicly open regulated market, subject to stated exceptions. (iml91_75eng.pdf, p.14–15) Separately, a CSSF circular applies to specified “Financial Entities,” including central securities depositories, management companies, investment fund managers, and alternative investment fund managers, as well as their branches. (cssf25_882eng.pdf, p.4) These excerpts therefore show potentially relevant fund and financial-sector rules, but do not provide a securitisation-specific impact or name the legal basis of the “new law.”",iml91_75eng.pdf; iml91_75eng.pdf; cssf25_882eng.pdf,-0.041208088397979736,False,en,8.8,ok
110,"How can the platform verify the consistency of data in a client's board management report (e.g., Luxembourg GDP growth of 10%)?",I could not find this information in the documents provided.,,-1.694084644317627,False,en,3.9,ok
111,How can the platform verify the consistency of data in a client's board management report,"The platform can verify consistency by applying a structured data-quality methodology based on quantitative indicators and a management questionnaire. These checks should test whether the figures in the board management report are consistent with the underlying risk-data aggregation and risk-reporting processes, while flagging discrepancies caused by misunderstood reporting requirements, internal IT systems, third-party software, or operational and human errors. The results should be retained as evidence for management-body accountability. (ECB Annual Report on supervisory activities 2025.pdf, pp.64–65)

It should also perform reconciliations between selected disclosures in the report and the corresponding supervisory-reporting data, since the ECB’s annual reconciliation exercise produced improvements in data consistency and quality. Where issues are identified, the platform could support documented exchanges and remediation tracking through ASTRA, with the relevant supervisory authorities retaining access. (ECB Annual Report on supervisory activities 2025.pdf, pp.64–65) For any AI-enabled checks or claims in the report, it should require evidence-based substantiation, performance benchmarking where relevant, and disclosure of material reliance on third-party tools. (FR_02_2026 Supervisory Toolkit for AI Use in Capital Markets.pdf, pp.50–51) The excerpts do not specify a particular automated validation algorithm or a separate legal basis for these checks.",ECB Annual Report on supervisory activities 2025.pdf; FR_02_2026 Supervisory Toolkit for AI Use in Capital Markets.pdf; OPSG report.pdf,-0.197043776512146,False,en,8.7,ok
112,"Provide a summary of the key points from a client's prospectus, focusing on the type of fund, service providers, fee structure, valuation method, investment policies, performance fees, and redemption mechanisms.","The excerpts do not identify the client’s specific fund, its legal structure, or its named service providers. They refer generally to a collective investment scheme (CIS), distinguishing between open-ended funds—which provide a right to redeem units or shares—and closed-ended funds, for which the relevant consideration is how regularly they are priced. (Resolution on IOSCO Objectives and Principles of Securities Regulation and Methodology for Assessing Implementation of the IOSCO Objectives and Principles of Securities Regulation.pdf, p.189) For portfolio-management services, the portfolio may contain specified types of financial instruments and be subject to transaction limits, but the excerpts do not set out the client’s actual investment policy, permitted assets, or restrictions. (Delegated regulation - 2017_565 - EN - EUR-Lex.pdf, p.58)

Valuation should be performed fairly and accurately, with the fund’s net asset value (NAV) calculated correctly at each valuation point. The valuation frequency may depend on redemption rights, the assets held, and the fund’s legal structure. Where third-party valuation agents are used, the responsible entity should conduct initial and periodic due diligence on them; NAV calculations may also be subject to independent auditor checks. (Resolution on IOSCO Objectives and Principles of Securities Regulation and Methodology for Assessing Implementation of the IOSCO Objectives and Principles of Securities Regulation.pdf, p.189) The fee information specifically identified consists of total fees and charges, including management fees and execution-related costs, with a more detailed breakdown available on request. No separate performance fee or incentive-fee arrangement is stated in the excerpts. (Delegated regulation - 2017_565 - EN - EUR-Lex.pdf, p.70–71) Redemption charges must not be structured to discourage investors from exercising redemption rights, and any suspension of redemptions should not impair investor protection. (Resolution on IOSCO Objectives and Principles of Securities Regulation and Methodology for Assessing Implementation of the IOSCO Objectives and Principles of Securities Regulation.pdf, p.189)",Delegated regulation - 2017_565 - EN - EUR-Lex.pdf; Resolution on IOSCO Objectives and Principles of Securities Regulation and Methodology for Assessing Implementation of the IOSCO Objectives and Principles of Securities Regulation.pdf; Delegated regulation - 2017_565 - EN - EUR-Lex.pdf,1.151186227798462,False,en,11.5,ok
113,What are the FATF's requirements for AML/CFT?,"The FATF’s AML/CFT requirements are based on the **FATF Recommendations (2012)**, recognised as the global standard for combating money laundering and terrorist financing. Countries are assessed for **technical compliance**—whether the necessary laws, regulations and other measures are in force, and whether an appropriate AML/CFT institutional framework exists—and for **effectiveness**, meaning whether their AML/CFT systems operate in practice and achieve the defined outcomes. (FATF-4th-Round-Procedures.pdf.coredownload.pdf, pp.1–2, 5)

A core country obligation is to **identify and assess money-laundering and terrorist-financing risks on an ongoing basis**. The results must inform changes to the country’s AML/CFT regime, support the allocation and prioritisation of competent-authority resources in proportion to risk, and be made available to financial institutions and designated non-financial businesses and professions (DNFBPs) for their own risk assessments. (fatf-recommendations-2012.pdf, p.33) For proliferation financing, the FATF Standards’ requirements are limited to Recommendations 1, 2, 7 and 15; countries may exempt a financial institution or DNFBP from proliferation-financing risk-management requirements where the assessed risk is low, but targeted financial sanctions under Recommendation 7 remain mandatory in all cases. (fatf-recommendations-2012.pdf, p.33)",FATF-4th-Round-Procedures.pdf.coredownload.pdf; FATF-4th-Round-Procedures.pdf.coredownload.pdf; fatf-recommendations-2012.pdf,9.281394004821777,False,en,8.4,ok
114,What are the FATF's high-risk and monitored jurisdictions?,"The excerpts do not provide the names of the FATF’s current high-risk or monitored jurisdictions. They describe them as jurisdictions with **strategic deficiencies in anti-money laundering, counter-terrorist financing and counter-proliferation financing (AML/CFT/CPF)** that present a risk to the international financial system and whose progress the FATF closely monitors through its International Co-operation Review Group (ICRG) process. (Report on the State of Effectiveness and Compliance with the FATF Standards.pdf, p.12)

A jurisdiction may enter this review process because it does not participate in a FATF-style regional body, fails to publish mutual-evaluation results in a timely manner, is nominated due to specific risks or threats, or has poor mutual-evaluation results. The FATF issues a public warning about risks from identified jurisdictions. To be removed from monitoring, a jurisdiction must address all or nearly all components of its action plan. (Report on the State of Effectiveness and Compliance with the FATF Standards.pdf, p.13; Report on the State of Effectiveness and Compliance with the FATF Standards.pdf, p.14)",Report on the State of Effectiveness and Compliance with the FATF Standards.pdf; Report on the State of Effectiveness and Compliance with the FATF Standards.pdf; Report on the State of Effectiveness and Compliance with the FATF Standards.pdf,7.593578338623047,False,en,8.6,ok
115,What are the main regulatory priorities for 2026 across EU authorities?,"The **EBA’s 2026 priorities** are to: (1) develop a rulebook supporting an efficient, resilient and sustainable single market; (2) strengthen risk assessment through better tools, data and methodologies for analysis, supervision and oversight; and (3) address innovation to improve stakeholders’ technological capacity. It will also seek to simplify and improve the efficiency of the EU regulatory and supervisory framework, including Level 2 and Level 3 products, firms’ reporting costs, internal working arrangements and the wider prudential framework. (Executive summary work programme 2026.pdf, pp. 1–2) In addition, the EBA will expand oversight and supervisory work concerning critical third-party providers under DORA, issuers of crypto assets under MICA, and initial margin models under EMIR. (Executive summary work programme 2026.pdf, p. 1)

For **AMLA**, the central 2026 priority is convergence and consistency in the EU AML/CFT framework. Its main operational focus will be delivering six priority instruments for the private sector—through regulatory technical standards, implementing technical standards or guidelines—so that obliged entities have the tools to apply AML/CFT obligations consistently and effectively. (AMLA SPD 2026-2028.pdf, pp. 31–33) The excerpts also identify cooperation and inclusiveness, technology and innovation, and credibility and accountability as AMLA strategic priorities, alongside efforts to improve its own efficiency. (AMLA SPD 2026-2028.pdf, p. 31)",Executive summary work programme 2026.pdf; AMLA SPD 2026-2028.pdf; Executive summary work programme 2026.pdf,6.027950763702393,False,en,9.2,ok
116,What are the climate risk management expectations for financial institutions?,"Financial institutions—particularly credit institutions—are expected to identify and assess climate-related and environmental risks as drivers of existing risk categories, including physical and transition risks that could materially affect their financial condition and operational capacity. They should understand the effects of these risks on their business environment over the short, medium and long term to support informed strategic and business decisions. (Circular 26_905.pdf, p.156; Good practices for climate and nature risk management.pdf, pp.76–77)

The management body should incorporate these risks into the institution’s overall business strategy, objectives and risk-management framework, and exercise effective oversight. Its collective suitability should include appropriate climate- and environmental-risk knowledge, skills and experience, while the relevant risk-management functions should receive adequate human and financial resources. (Good practices for climate and nature risk management.pdf, pp.45–46) Institutions should also maintain a holistic, documented view of the effects on all existing risk categories, covering on- and off-balance-sheet exposures, financial and non-financial risks, and both current and potential future exposures. They are expected to conduct regular processes to identify all material risks and record them in a comprehensive internal risk inventory. (Good practices for climate and nature risk management.pdf, pp.76–77) The Circular states that, following the application of the EBA Guidelines on the management of environmental, social and governance (ESG) risks (EBA/GL/2025/01), it remains applicable only to SNCIs until 10 January 2027 and to third-country branches. (Circular 26_905.pdf, p.156)",Circular 26_905.pdf; Good practices for climate and nature risk management.pdf; Good practices for climate and nature risk management.pdf,9.118176460266113,False,en,9.0,ok
117,"What are the ESG-related regulatory expectations from ECB, EBA, and ESMA?","- **EBA:** Institutions are expected to integrate ESG risks into governance, strategy, operations, risk management and reporting, with clear Board oversight. They must identify, measure, manage and monitor ESG risks within their prudential and risk-management frameworks, applying a comprehensive assessment proportionate to their business model and activities. The EBA Guidelines apply from **11 January 2026**, or at the latest **11 January 2027** for small and non-complex institutions. The excerpts also refer to CSRD and SFDR reporting and disclosure obligations intended to improve transparency for investors and stakeholders. (Final Guidelines on the management of ESG risks released by the EBA.pdf, pp.1–2; Final Guidelines on the management of ESG risks.pdf, p.68)

- **ECB:** Banks under direct SSM supervision are already subject to significant supervisory pressure regarding environmental-risk management. The expectation is that the EBA Guidelines should be applied consistently with CRD and ECB supervisory practice, with alignment and clarity between EBA and ECB expectations. The Guidelines were prepared with EU competent authorities, including the SSM, and apply to EU banks and supervisors. (Circular 26_905.pdf, p.71)

- **ESMA:** No ESG-related expectations or ESMA guidance are mentioned in the excerpts. **Not found in documents.**",Final Guidelines on the management of ESG risks released by the EBA.pdf; Circular 26_905.pdf; Final Guidelines on the management of ESG risks.pdf,6.918184757232666,False,en,8.8,ok
118,What are the AML/CFT obligations for financial institutions?,"Financial institutions must maintain the integrity of their AML/CFT frameworks and ensure that preventive measures are applied effectively. Their AML/CFT policies, controls and procedures should be proportionate to identified money-laundering and terrorist-financing risks; risk assessments should be properly conducted, documented and kept up to date. Measures should distinguish between higher- and lower-risk customers, relationships, transactions, products and countries, and CDD—including enhanced, simplified or specific measures—should vary according to risk. Where CDD is incomplete, the institution should assess whether the business relationship or transaction must be refused. Institutions should also ensure adequate access to relevant information by their AML/CFT compliance function and apply effective controls where reliance on third parties is used. (FATF-Assessment-Methodology-2022.pdf, pp. 137–138)

In relation to DeFi arrangements, institutions must assess the arrangement on a risk-based and proportionate basis and implement appropriate risk-mitigation measures. For centralised arrangements, they should conduct CDD, determine whether the arrangement is licensed or registered and adequately supervised, and perform sufficient due diligence or ensure that the arrangement has AML/CFT controls consistent with Recommendations 10 and 13. Where controllers cannot readily be identified, or where the arrangement is truly decentralised, they should apply appropriate AML/CFT measures to the underlying customers, including identity verification and, where appropriate, ongoing monitoring of the protocol’s integrity and security. They remain responsible for ensuring that their interactions with such arrangements comply with AML/CFT requirements. (targeted-report-decentralised-finance-2026.pdf.coredownload.pdf, p. 35)",targeted-report-decentralised-finance-2026.pdf.coredownload.pdf; FATF-Assessment-Methodology-2022.pdf; FATF-Assessment-Methodology-2022.pdf,9.370280265808105,False,en,8.6,ok
119,What are the data protection obligations under GDPR for financial institutions?,"Financial institutions that profile customers or use automated decision-making must provide clear information about the processing. This includes explaining the processing to individuals, whether profiles will be shared with other organisations, the purposes for which a profile is used, and the source of information obtained from elsewhere. They must also present the right to object separately where applicable. These rights can be exercised against both the organisation creating the profile and the organisation making the automated decision, if they are different controllers. (5-guidelines-on-automated-individual-decision-making-and-profiling.pdf, pp.15–16)

They must implement appropriate technical and organisational measures when determining the processing methods and throughout the processing, integrating safeguards that effectively apply data-protection principles and protect individuals’ rights. They must also ensure security appropriate to the risk, considering the likelihood and severity of harm, including risks of unauthorised disclosure of or access to personal data. (edpb_bindingdecision_202301_ie_sa_facebooktransfers_en.pdf, p.38) A Data Protection Officer is mandatory where the institution’s core activities involve systematic, large-scale monitoring of individuals or large-scale processing of special categories of personal data; voluntary appointment may also be useful where the mandatory conditions do not apply. (8-guidelines-on-data-protection-officers-dpos.pdf, pp.3–4)",5-guidelines-on-automated-individual-decision-making-and-profiling.pdf; edpb_bindingdecision_202301_ie_sa_facebooktransfers_en.pdf; 8-guidelines-on-data-protection-officers-dpos.pdf,1.5786240100860596,False,en,9.5,ok
120,Quelles sont les obligations de la circulaire CSSF 24/856 ?,"La circulaire CSSF 24/856 impose aux professionnels de la gestion collective opérant au Luxembourg des lignes de conduite à appliquer lorsqu’une erreur survient dans l’administration ou la gestion d’un OPC, notamment une erreur de calcul de la valeur nette d’inventaire (VNI), un non-respect des règles de placement ou toute autre erreur couverte par la circulaire. Elle vise les OPC soumis à la surveillance de la CSSF, les gestionnaires de fonds d’investissement ainsi que les autres intervenants dans le fonctionnement et le contrôle de ces OPC. (cssf24_856.pdf, p.1-2)

L’administrateur d’OPC doit établir, mettre en œuvre et maintenir des procédures permettant de détecter, d’évaluer et, le cas échéant, de notifier sans délai les erreurs ou non-respects à l’OPC ou à son gestionnaire de fonds d’investissement. Ces incidents doivent être enregistrés, suivis et, lorsque nécessaire, corrigés après approbation de l’OPC ou de son gestionnaire. L’administrateur doit également élaborer, avec les autres intervenants, un plan de remédiation soumis à cette approbation, mettre en œuvre les mesures correctives et assurer un suivi approprié. La délégation de tâches ne le décharge pas de ses responsabilités : il doit notamment assurer une organisation adéquate englobant ses délégués. (cssf24_856.pdf, p.13-14)

Pour les fonds monétaires relevant de la circulaire, les lignes de conduite des chapitres 4 à 7 reposent notamment sur les pouvoirs de surveillance de la CSSF prévus par les articles 11 et 12 de la Loi ORE. L’article 38 du règlement MMF impose par ailleurs de veiller au respect des obligations du règlement, des documents constitutifs et du prospectus lorsqu’elles sont cohérentes avec ce règlement. (cssf24_856.pdf, p.9-10)",cssf24_856.pdf; cssf24_856.pdf; cssf24_856.pdf,7.646599292755127,False,fr,7.9,ok
121,What must be reported for an ICT-related incident under DORA?,"Under DORA, financial entities must **record all ICT-related incidents and significant cyber threats**, but they are required to **report only major ICT-related incidents to the competent authorities**; non-major ICT-related incidents need not be reported to them. (Final Report on RTS Operational risk losses mandates.pdf, p.13)

For a major ICT-related incident, the report must include its **type**. The available categories are: **cybersecurity-related, process failure, system failure, external event, payment-related, or other** (with a specification). The incident is addressed through an initial notification, an intermediate report, and a final report, within the applicable time limits established by the relevant technical standards. The **loss or economic impact** must be reported **only in the final report**, due no later than one month after the intermediate report or, where applicable, the latest updated intermediate report. This must cover gross direct and indirect costs and losses incurred because of the incident, excluding financial recoveries and ordinary day-to-day operating costs such as general maintenance. (Final Report on RTS Operational risk losses mandates.pdf, p.13)",Final Report on RTS Operational risk losses mandates.pdf; Final Report on RTS Operational risk losses mandates.pdf; Final Report on revised SREP and supervisory stress testing Guidelines.pdf,10.294623374938965,False,en,8.8,ok
